,postcodes,SA2_names
1,3000,Melbourne
2,3001,Melbourne
3,3002,East Melbourne
4,3003,West Melbourne
5,3004,Southbank
6,3004,South Yarra - West
7,3004,South Yarra - West
8,3005,Docklands
9,3006,Southbank
10,3006,South Melbourne
11,3008,Docklands
12,3010,Parkville
13,3011,Footscray
14,3011,Seddon - Kingsville
15,3011,Seddon - Kingsville
16,3012,Sunshine West
17,3012,Seddon - Kingsville
18,3012,Seddon - Kingsville
19,3012,Braybrook
20,3012,West Footscray - Tottenham
21,3012,West Footscray - Tottenham
22,3013,Yarraville
23,3013,Yarraville
24,3015,Newport
25,3015,Newport
26,3015,Newport
27,3016,Williamstown
28,3016,Williamstown
29,3018,Altona
30,3018,Altona
31,3019,Braybrook
32,3019,Braybrook
33,3019,Braybrook
34,3020,Ardeer - Albion
35,3020,Sunshine West
36,3020,Sunshine
37,3020,Sunshine North
38,3020,Sunshine West
39,3021,Kings Park (Vic.)
40,3021,Keilor Downs
41,3021,Kings Park (Vic.)
42,3021,St Albans - North
43,3022,Ardeer - Albion
44,3022,Ardeer - Albion
45,3023,Burnside
46,3023,Burnside Heights
47,3023,Cairnlea
48,3023,Caroline Springs
49,3023,Deer Park - Derrimut
50,3023,Deer Park - Derrimut
51,3023,Rockbank - Mount Cottrell
52,3024,Rockbank - Mount Cottrell
53,3024,Werribee - West
54,3024,Wyndham Vale
55,3024,Tarneit
56,3024,Wyndham Vale
57,3025,Altona North
58,3025,Altona North
59,3025,Altona North
60,3026,Deer Park - Derrimut
61,3026,Laverton
62,3027,Laverton
63,3027,Laverton
64,3027,Point Cook - East
65,3028,Altona Meadows
66,3028,Laverton
67,3028,Seabrook
68,3029,Hoppers Crossing - North
69,3029,Tarneit
70,3029,Truganina
71,3030,Deer Park - Derrimut
72,3030,Werribee - South
73,3030,Point Cook - South
74,3030,Wyndham Vale
75,3030,Werribee - South
76,3030,Werribee - South
77,3031,Flemington
78,3031,Kensington (Vic.)
79,3032,Ascot Vale
80,3032,Maribyrnong
81,3032,Maribyrnong
82,3032,Flemington
83,3033,Keilor
84,3034,Keilor East
85,3036,Keilor
86,3036,Taylors Lakes
87,3037,Taylors Lakes
88,3037,Delahey
89,3037,Hillside
90,3037,Hillside
91,3037,Sydenham
92,3037,Taylors Hill
93,3038,Keilor Downs
94,3038,Taylors Lakes
95,3038,Taylors Lakes
96,3038,Taylors Lakes
97,3039,Moonee Ponds
98,3040,Essendon - Aberfeldie
99,3040,Essendon - Aberfeldie
100,3040,Niddrie - Essendon West
101,3041,Essendon Airport
102,3041,Essendon - Aberfeldie
103,3041,Strathmore
104,3041,Strathmore
105,3042,Airport West
106,3042,Keilor
107,3042,Niddrie - Essendon West
108,3042,Niddrie - Essendon West
109,3043,Gladstone Park - Westmeadows
110,3043,Gowanbrae
111,3043,Tullamarine
112,3044,Pascoe Vale
113,3044,Pascoe Vale South
114,3045,Melbourne Airport
115,3046,Glenroy
116,3046,Hadfield
117,3046,Pascoe Vale
118,3047,Broadmeadows
119,3047,Campbellfield - Coolaroo
120,3047,Broadmeadows
121,3048,Campbellfield - Coolaroo
122,3048,Meadow Heights
123,3049,Gladstone Park - Westmeadows
124,3049,Gladstone Park - Westmeadows
125,3050,Parkville
126,3051,North Melbourne
127,3051,North Melbourne
128,3052,Parkville
129,3052,Parkville
130,3053,Carlton
131,3053,Carlton
132,3054,Carlton North - Princes Hill
133,3054,Carlton North - Princes Hill
134,3055,Brunswick
135,3055,Brunswick West
136,3055,Brunswick West
137,3055,Brunswick West
138,3056,Brunswick
139,3056,Brunswick
140,3056,Brunswick
141,3057,Brunswick East
142,3057,Brunswick East
143,3057,Brunswick East
144,3058,Coburg
145,3058,Coburg
146,3058,Coburg North
147,3058,Coburg North
148,3058,Coburg
149,3059,Greenvale - Bulla
150,3060,Fawkner
151,3060,Fawkner
152,3060,Fawkner
153,3061,Campbellfield - Coolaroo
154,3062,Roxburgh Park - Somerton
155,3063,Greenvale - Bulla
156,3063,Mickleham - Yuroke
157,3064,Craigieburn - Central
158,3064,Whittlesea
159,3064,Mickleham - Yuroke
160,3064,Mickleham - Yuroke
161,3064,Roxburgh Park - Somerton
162,3065,Fitzroy
163,3066,Collingwood
164,3066,Collingwood
165,3067,Abbotsford
166,3068,Yarra - North
167,3068,Fitzroy North
168,3070,Northcote
169,3070,Northcote
170,3071,Thornbury
171,3072,Preston - West
172,3072,Preston - East
173,3072,Preston - East
174,3072,Preston - West
175,3072,Preston - East
176,3072,Preston - West
177,3072,Preston - West
178,3072,Preston - East
179,3073,Thomastown
180,3073,Reservoir - East
181,3073,Reservoir - East
182,3073,Reservoir - East
183,3073,Reservoir - East
184,3074,Thomastown
185,3075,Lalor
186,3075,Lalor
187,3076,Epping - West
188,3076,Epping - West
189,3078,Alphington - Fairfield
190,3078,Alphington - Fairfield
191,3079,Ivanhoe
192,3079,Ivanhoe East - Eaglemont
193,3079,Ivanhoe
194,3081,Heidelberg West
195,3081,Heidelberg West
196,3081,Heidelberg West
197,3081,Heidelberg West
198,3082,Mill Park - North
199,3083,Bundoora - West
200,3083,Kingsbury
201,3083,Kingsbury
202,3084,Heidelberg - Rosanna
203,3084,Ivanhoe East - Eaglemont
204,3084,Heidelberg - Rosanna
205,3084,Heidelberg - Rosanna
206,3084,Viewbank - Yallambie
207,3085,Kingsbury
208,3085,Viewbank - Yallambie
209,3085,Viewbank - Yallambie
210,3086,Kingsbury
211,3087,Watsonia
212,3087,Watsonia
213,3088,Montmorency - Briar Hill
214,3088,Greensborough
215,3088,Greensborough
216,3088,Greensborough
217,3089,Wattle Glen - Diamond Creek
218,3090,Plenty - Yarrambat
219,3091,Plenty - Yarrambat
220,3093,Montmorency - Briar Hill
221,3094,Montmorency - Briar Hill
222,3095,Eltham
223,3095,Eltham
224,3095,Research - North Warrandyte
225,3096,Wattle Glen - Diamond Creek
226,3097,Panton Hill - St Andrews
227,3097,Research - North Warrandyte
228,3097,Panton Hill - St Andrews
229,3099,Panton Hill - St Andrews
230,3099,Panton Hill - St Andrews
231,3099,Hurstbridge
232,3099,Panton Hill - St Andrews
233,3099,Panton Hill - St Andrews
234,3101,Kew
235,3101,Kew
236,3102,Kew East
237,3103,Balwyn
238,3103,Balwyn
239,3103,Balwyn
240,3103,Balwyn
241,3103,Kew East
242,3104,Balwyn North
243,3104,Balwyn North
244,3105,Bulleen
245,3105,Bulleen
246,3106,Templestowe
247,3107,Templestowe Lower
248,3108,Doncaster
249,3109,Doncaster East (South)
250,3109,Doncaster East (South)
251,3109,Doncaster East (North)
252,3109,Doncaster East (South)
253,3111,Donvale - Park Orchards
254,3113,Research - North Warrandyte
255,3113,Warrandyte - Wonga Park
256,3114,Donvale - Park Orchards
257,3115,Warrandyte - Wonga Park
258,3116,Chirnside Park
259,3121,Richmond (Vic.)
260,3121,Richmond (Vic.)
261,3121,Richmond (Vic.)
262,3121,Richmond (Vic.)
263,3121,Richmond (Vic.)
264,3121,Richmond (Vic.)
265,3121,Richmond (Vic.)
266,3121,Richmond (Vic.)
267,3122,Hawthorn East
268,3122,Hawthorn
269,3122,Hawthorn
270,3122,Hawthorn
271,3122,Hawthorn
272,3123,Hawthorn
273,3123,Hawthorn East
274,3124,Camberwell
275,3124,Camberwell
276,3124,Camberwell
277,3124,Hawthorn East
278,3124,Camberwell
279,3124,Camberwell
280,3125,Burwood
281,3125,Burwood
282,3125,Surrey Hills (West) - Canterbury
283,3126,Surrey Hills (West) - Canterbury
284,3126,Surrey Hills (West) - Canterbury
285,3127,Surrey Hills (East) - Mont Albert
286,3127,Surrey Hills (West) - Canterbury
287,3127,Surrey Hills (West) - Canterbury
288,3128,Box Hill
289,3128,Box Hill
290,3128,Box Hill
291,3128,Box Hill
292,3128,Burwood
293,3129,Box Hill North
294,3129,Box Hill North
295,3129,Box Hill North
296,3130,Blackburn
297,3130,Blackburn
298,3130,Blackburn South
299,3130,Blackburn
300,3131,Forest Hill
301,3131,Forest Hill
302,3131,Nunawading
303,3132,Mitcham (Vic.)
304,3132,Mitcham (Vic.)
305,3132,Donvale - Park Orchards
306,3133,Vermont
307,3133,Vermont South
308,3134,Ringwood East
309,3134,Ringwood
310,3134,Ringwood North
311,3134,Warrandyte - Wonga Park
312,3134,Croydon Hills - Warranwood
313,3135,Ringwood East
314,3135,Ringwood East
315,3135,Ringwood East
316,3136,Croydon - West
317,3136,Croydon Hills - Warranwood
318,3136,Croydon Hills - Warranwood
319,3136,Croydon South
320,3137,Kilsyth
321,3137,Bayswater North
322,3138,Mooroolbark
323,3139,Yarra Valley
324,3139,Yarra Valley
325,3139,Yarra Valley
326,3139,Yarra Valley
327,3139,Wandin - Seville
328,3139,Wandin - Seville
329,3139,Wandin - Seville
330,3139,Wandin - Seville
331,3139,Yarra Valley
332,3139,Yarra Valley
333,3140,Lilydale - Coldstream
334,3141,South Yarra - East
335,3141,South Yarra - West
336,3141,South Yarra - East
337,3142,South Yarra - East
338,3142,Toorak
339,3143,Armadale
340,3143,Armadale
341,3144,Malvern - Glen Iris
342,3144,Malvern - Glen Iris
343,3144,Malvern - Glen Iris
344,3145,Caulfield - North
345,3145,Malvern East
346,3145,Malvern East
347,3145,Malvern East
348,3145,Malvern East
349,3145,Malvern - Glen Iris
350,3146,Malvern - Glen Iris
351,3147,Ashburton (Vic.)
352,3147,Ashwood - Chadstone
353,3148,Ashwood - Chadstone
354,3148,Malvern East
355,3148,Ashwood - Chadstone
356,3148,Mount Waverley - North
357,3149,Mount Waverley - South
358,3149,Mount Waverley - South
359,3149,Glen Waverley - West
360,3150,Wheelers Hill
361,3150,Glen Waverley - East
362,3150,Wheelers Hill
363,3151,Burwood East
364,3151,Burwood East
365,3152,Wantirna South
366,3152,Wantirna South
367,3152,Wantirna
368,3152,Wantirna South
369,3153,Bayswater
370,3153,Bayswater North
371,3154,The Basin
372,3155,Boronia
373,3156,Ferntree Gully (North)
374,3156,Lysterfield
375,3156,Endeavour Hills - North
376,3156,Ferntree Gully (South) - Upper Ferntree Gully
377,3156,Ferntree Gully (South) - Upper Ferntree Gully
378,3158,Upwey - Tecoma
379,3159,Belgrave - Selby
380,3159,Belgrave - Selby
381,3160,Belgrave - Selby
382,3160,Belgrave - Selby
383,3160,Belgrave - Selby
384,3160,Upwey - Tecoma
385,3161,Caulfield - North
386,3161,Caulfield - North
387,3162,Caulfield - South
388,3162,Caulfield - South
389,3162,Elsternwick
390,3163,Caulfield - South
391,3163,Carnegie
392,3163,Ormond - Glen Huntly
393,3163,Murrumbeena
394,3164,Dandenong
395,3165,Bentleigh East (North)
396,3165,Bentleigh East (North)
397,3166,Hughesdale
398,3166,Oakleigh - Huntingdale
399,3166,Oakleigh - Huntingdale
400,3166,Oakleigh - Huntingdale
401,3167,Oakleigh - Huntingdale
402,3168,Clayton
403,3168,Clayton
404,3169,Clarinda - Oakleigh South
405,3169,Clayton South
406,3170,Mulgrave
407,3170,Mulgrave
408,3171,Springvale
409,3171,Springvale
410,3172,Dingley Village
411,3172,Springvale South
412,3173,Keysborough
413,3174,Noble Park - West
414,3174,Noble Park - West
415,3174,Noble Park - East
416,3175,Keysborough
417,3175,Dandenong
418,3175,Dandenong
419,3175,Dandenong North
420,3175,Dandenong
421,3175,Dandenong North
422,3176,Knoxfield - Scoresby
423,3177,Doveton
424,3177,Doveton
425,3178,Rowville - Central
426,3179,Knoxfield - Scoresby
427,3180,Knoxfield - Scoresby
428,3181,Prahran - Windsor
429,3181,Prahran - Windsor
430,3181,Prahran - Windsor
431,3182,St Kilda
432,3182,St Kilda
433,3182,St Kilda
434,3183,St Kilda East
435,3183,St Kilda East
436,3184,Elwood
437,3184,Elwood
438,3185,Elsternwick
439,3185,Elsternwick
440,3185,St Kilda East
441,3186,Brighton (Vic.)
442,3186,Brighton (Vic.)
443,3186,Brighton (Vic.)
444,3186,Brighton (Vic.)
445,3187,Brighton East
446,3187,Caulfield - South
447,3188,Hampton
448,3188,Hampton
449,3188,Hampton
450,3189,Moorabbin - Heatherton
451,3189,Moorabbin - Heatherton
452,3189,Moorabbin - Heatherton
453,3190,Cheltenham - Highett (West)
454,3191,Sandringham - Black Rock
455,3192,Cheltenham - Highett (East)
456,3192,Cheltenham - Highett (East)
457,3192,Cheltenham - Highett (East)
458,3192,Cheltenham - Highett (East)
459,3193,Beaumaris
460,3193,Sandringham - Black Rock
461,3193,Sandringham - Black Rock
462,3193,Beaumaris
463,3194,Mentone
464,3194,Mentone
465,3194,Moorabbin Airport
466,3195,Edithvale - Aspendale
467,3195,Aspendale Gardens - Waterways
468,3195,Braeside
469,3195,Mordialloc - Parkdale
470,3195,Mordialloc - Parkdale
471,3195,Mordialloc - Parkdale
472,3195,Aspendale Gardens - Waterways
473,3196,Chelsea - Bonbeach
474,3196,Chelsea - Bonbeach
475,3196,Chelsea Heights
476,3196,Edithvale - Aspendale
477,3197,Carrum - Patterson Lakes
478,3197,Carrum - Patterson Lakes
479,3198,Seaford (Vic.)
480,3198,Seaford (Vic.)
481,3199,Frankston
482,3199,Frankston
483,3199,Frankston
484,3199,Frankston South
485,3199,Frankston North
486,3199,Frankston North
487,3200,Frankston North
488,3200,Frankston North
489,3201,Carrum Downs
490,3202,Moorabbin - Heatherton
491,3204,Bentleigh - McKinnon
492,3204,Bentleigh - McKinnon
493,3204,Ormond - Glen Huntly
494,3204,Bentleigh - McKinnon
495,3205,South Melbourne
496,3205,South Melbourne
497,3206,Albert Park
498,3206,Albert Park
499,3207,Port Melbourne
500,3207,Port Melbourne Industrial
501,3211,Lara
502,3212,Lara
503,3212,Lara
504,3212,Lara
505,3213,Lara
506,3213,North Geelong - Bell Park
507,3213,Corio - Norlane
508,3213,Corio - Norlane
509,3214,Corio - Norlane
510,3214,Corio - Norlane
511,3214,Corio - Norlane
512,3215,North Geelong - Bell Park
513,3215,North Geelong - Bell Park
514,3215,North Geelong - Bell Park
515,3215,North Geelong - Bell Park
516,3215,Geelong West - Hamlyn Heights
517,3215,North Geelong - Bell Park
518,3215,North Geelong - Bell Park
519,3216,Belmont
520,3216,Highton
521,3216,Grovedale
522,3216,Grovedale
523,3216,Highton
524,3216,Grovedale
525,3216,Highton
526,3216,Highton
527,3216,Highton
528,3217,Ocean Grove - Barwon Heads
529,3217,Grovedale
530,3217,Burwood
531,3217,Winchelsea
532,3217,Torquay
533,3218,Geelong West - Hamlyn Heights
534,3218,Geelong West - Hamlyn Heights
535,3218,Geelong West - Hamlyn Heights
536,3218,Geelong West - Hamlyn Heights
537,3218,Bannockburn
538,3218,Bannockburn
539,3219,Geelong
540,3219,Geelong
541,3219,Newcomb - Moolap
542,3219,Newcomb - Moolap
543,3219,Geelong
544,3219,Newcomb - Moolap
545,3220,Newtown (Vic.)
546,3220,Geelong
547,3220,Newtown (Vic.)
548,3220,Geelong
549,3221,Winchelsea
550,3221,Winchelsea
551,3221,North Geelong - Bell Park
552,3221,Portarlington
553,3221,Highton
554,3221,Geelong West - Hamlyn Heights
555,3221,Geelong
556,3221,Winchelsea
557,3221,Otway
558,3221,Otway
559,3221,Winchelsea
560,3221,Newcomb - Moolap
561,3221,Corio - Norlane
562,3221,Winchelsea
563,3221,Otway
564,3221,Lara
565,3221,Bannockburn
566,3221,Otway
567,3221,Ocean Grove - Barwon Heads
568,3221,Otway
569,3221,Otway
570,3222,Clifton Springs
571,3222,Clifton Springs
572,3222,Clifton Springs
573,3222,Point Lonsdale - Queenscliff
574,3222,Ocean Grove - Barwon Heads
575,3222,Ocean Grove - Barwon Heads
576,3223,Portarlington
577,3223,Portarlington
578,3223,Portarlington
579,3223,Portarlington
580,3224,Leopold
581,3224,Newcomb - Moolap
582,3225,Point Lonsdale - Queenscliff
583,3225,Point Lonsdale - Queenscliff
584,3225,Point Lonsdale - Queenscliff
585,3225,Point Lonsdale - Queenscliff
586,3226,Ocean Grove - Barwon Heads
587,3227,Ocean Grove - Barwon Heads
588,3227,Ocean Grove - Barwon Heads
589,3227,Ocean Grove - Barwon Heads
590,3228,Torquay
591,3228,Torquay
592,3228,Torquay
593,3228,Torquay
594,3230,Lorne - Anglesea
595,3231,Lorne - Anglesea
596,3231,Lorne - Anglesea
597,3231,Lorne - Anglesea
598,3231,Lorne - Anglesea
599,3231,Lorne - Anglesea
600,3232,Lorne - Anglesea
601,3232,Lorne - Anglesea
602,3233,Otway
603,3233,Otway
604,3233,Otway
605,3233,Otway
606,3233,Otway
607,3233,Otway
608,3234,Otway
609,3234,Otway
610,3234,Otway
611,3234,Otway
612,3234,Otway
613,3234,Otway
614,3235,Lorne - Anglesea
615,3235,Lorne - Anglesea
616,3235,Winchelsea
617,3235,Winchelsea
618,3236,Otway
619,3236,Otway
620,3237,Otway
621,3237,Otway
622,3237,Otway
623,3237,Corangamite - South
624,3237,Corangamite - South
625,3237,Otway
626,3237,Otway
627,3237,Otway
628,3238,Otway
629,3238,Otway
630,3238,Otway
631,3238,Otway
632,3239,Otway
633,3239,Otway
634,3239,Otway
635,3239,Corangamite - South
636,3240,Winchelsea
637,3240,Winchelsea
638,3240,Winchelsea
639,3240,Winchelsea
640,3240,Winchelsea
641,3240,Winchelsea
642,3241,Winchelsea
643,3241,Colac Region
644,3241,Lorne - Anglesea
645,3241,Winchelsea
646,3241,Winchelsea
647,3241,Winchelsea
648,3242,Colac Region
649,3243,Colac Region
650,3243,Colac Region
651,3243,Colac Region
652,3243,Colac Region
653,3243,Colac Region
654,3249,Colac Region
655,3249,Colac Region
656,3249,Colac Region
657,3249,Colac Region
658,3249,Otway
659,3249,Colac Region
660,3249,Colac Region
661,3249,Colac Region
662,3249,Colac Region
663,3249,Colac Region
664,3249,Colac Region
665,3249,Colac Region
666,3249,Colac Region
667,3249,Otway
668,3249,Colac Region
669,3249,Colac Region
670,3249,Colac Region
671,3249,Colac Region
672,3249,Corangamite - South
673,3249,Colac Region
674,3249,Otway
675,3249,Colac Region
676,3249,Colac Region
677,3249,Colac
678,3249,Colac Region
679,3250,Colac
680,3250,Colac
681,3250,Colac
682,3250,Colac
683,3251,Colac Region
684,3251,Colac Region
685,3251,Colac Region
686,3251,Colac Region
687,3251,Colac Region
688,3254,Colac Region
689,3260,Corangamite - North
690,3260,Corangamite - South
691,3260,Colac Region
692,3260,Camperdown
693,3260,Corangamite - South
694,3260,Camperdown
695,3260,Corangamite - North
696,3260,Corangamite - North
697,3260,Corangamite - South
698,3260,Corangamite - North
699,3260,Corangamite - South
700,3260,Corangamite - North
701,3260,Camperdown
702,3260,Corangamite - South
703,3260,Corangamite - South
704,3260,Corangamite - South
705,3260,Corangamite - South
706,3260,Corangamite - North
707,3264,Corangamite - North
708,3265,Corangamite - North
709,3265,Moyne - East
710,3265,Corangamite - South
711,3265,Corangamite - South
712,3265,Moyne - East
713,3265,Moyne - East
714,3265,Moyne - East
715,3265,Moyne - East
716,3265,Moyne - East
717,3265,Corangamite - North
718,3265,Moyne - East
719,3265,Moyne - East
720,3265,Corangamite - North
721,3265,Corangamite - North
722,3265,Moyne - East
723,3265,Corangamite - South
724,3265,Moyne - East
725,3266,Corangamite - South
726,3266,Corangamite - South
727,3266,Corangamite - South
728,3266,Corangamite - South
729,3266,Corangamite - South
730,3266,Corangamite - South
731,3266,Corangamite - South
732,3266,Corangamite - South
733,3266,Corangamite - North
734,3266,Corangamite - South
735,3267,Corangamite - South
736,3268,Corangamite - South
737,3268,Corangamite - South
738,3268,Corangamite - South
739,3268,Corangamite - South
740,3268,Corangamite - South
741,3268,Corangamite - South
742,3268,Corangamite - South
743,3268,Corangamite - South
744,3268,Corangamite - South
745,3268,Moyne - East
746,3268,Corangamite - South
747,3268,Moyne - East
748,3268,Moyne - East
749,3268,Moyne - East
750,3268,Moyne - East
751,3268,Corangamite - South
752,3268,Moyne - East
753,3268,Corangamite - South
754,3268,Corangamite - South
755,3269,Corangamite - South
756,3269,Corangamite - South
757,3269,Corangamite - South
758,3270,Corangamite - South
759,3271,Moyne - East
760,3271,Moyne - East
761,3271,Ararat Region
762,3272,Moyne - East
763,3272,Moyne - East
764,3273,Moyne - East
765,3274,Moyne - East
766,3275,Moyne - West
767,3275,Moyne - West
768,3276,Moyne - East
769,3276,Moyne - East
770,3277,Warrnambool - South
771,3277,Moyne - East
772,3277,Moyne - East
773,3277,Moyne - East
774,3277,Moyne - East
775,3277,Moyne - East
776,3278,Moyne - East
777,3278,Moyne - East
778,3279,Moyne - East
779,3279,Moyne - East
780,3280,Warrnambool - North
781,3280,Moyne - East
782,3280,Warrnambool - North
783,3280,Warrnambool - North
784,3280,Warrnambool - North
785,3281,Warrnambool - North
786,3281,Moyne - East
787,3281,Moyne - East
788,3281,Warrnambool - North
789,3282,Moyne - West
790,3282,Moyne - West
791,3283,Moyne - West
792,3283,Moyne - West
793,3283,Moyne - West
794,3283,Moyne - West
795,3283,Moyne - West
796,3283,Moyne - West
797,3283,Moyne - West
798,3283,Moyne - West
799,3283,Moyne - West
800,3283,Moyne - West
801,3284,Moyne - West
802,3284,Moyne - West
803,3285,Moyne - West
804,3285,Glenelg (Vic.)
805,3285,Moyne - West
806,3285,Moyne - West
807,3285,Moyne - West
808,3285,Glenelg (Vic.)
809,3285,Moyne - West
810,3285,Moyne - West
811,3286,Glenelg (Vic.)
812,3286,Moyne - West
813,3286,Moyne - West
814,3286,Moyne - West
815,3286,Moyne - West
816,3287,Moyne - West
817,3287,Moyne - West
818,3289,Southern Grampians
819,3289,Moyne - West
820,3289,Southern Grampians
821,3289,Moyne - East
822,3289,Southern Grampians
823,3292,Glenelg (Vic.)
824,3293,Southern Grampians
825,3293,Moyne - East
826,3293,Ararat Region
827,3294,Southern Grampians
828,3294,Southern Grampians
829,3294,Southern Grampians
830,3294,Southern Grampians
831,3294,Southern Grampians
832,3294,Southern Grampians
833,3294,Southern Grampians
834,3300,Southern Grampians
835,3300,Hamilton (Vic.)
836,3301,Southern Grampians
837,3301,Moyne - West
838,3301,Southern Grampians
839,3301,Southern Grampians
840,3301,Southern Grampians
841,3301,Southern Grampians
842,3301,Southern Grampians
843,3301,Southern Grampians
844,3301,Southern Grampians
845,3301,Glenelg (Vic.)
846,3301,Southern Grampians
847,3301,Southern Grampians
848,3301,Southern Grampians
849,3301,Southern Grampians
850,3301,Southern Grampians
851,3302,Southern Grampians
852,3302,Glenelg (Vic.)
853,3303,Glenelg (Vic.)
854,3303,Glenelg (Vic.)
855,3303,Glenelg (Vic.)
856,3303,Glenelg (Vic.)
857,3303,Glenelg (Vic.)
858,3303,Glenelg (Vic.)
859,3304,Moyne - West
860,3304,Glenelg (Vic.)
861,3304,Glenelg (Vic.)
862,3304,Glenelg (Vic.)
863,3304,Glenelg (Vic.)
864,3304,Glenelg (Vic.)
865,3304,Glenelg (Vic.)
866,3304,Glenelg (Vic.)
867,3304,Glenelg (Vic.)
868,3304,Glenelg (Vic.)
869,3304,Glenelg (Vic.)
870,3304,Glenelg (Vic.)
871,3305,Glenelg (Vic.)
872,3305,Glenelg (Vic.)
873,3305,Glenelg (Vic.)
874,3305,Glenelg (Vic.)
875,3305,Glenelg (Vic.)
876,3305,Glenelg (Vic.)
877,3305,Glenelg (Vic.)
878,3305,Glenelg (Vic.)
879,3305,Glenelg (Vic.)
880,3305,Portland
881,3305,Portland
882,3305,Portland
883,3309,Glenelg (Vic.)
884,3310,Glenelg (Vic.)
885,3310,Glenelg (Vic.)
886,3311,Glenelg (Vic.)
887,3311,Glenelg (Vic.)
888,3311,Glenelg (Vic.)
889,3311,Glenelg (Vic.)
890,3312,Glenelg (Vic.)
891,3312,Glenelg (Vic.)
892,3312,Southern Grampians
893,3312,West Wimmera
894,3312,West Wimmera
895,3312,West Wimmera
896,3312,Glenelg (Vic.)
897,3312,Glenelg (Vic.)
898,3312,Glenelg (Vic.)
899,3312,Glenelg (Vic.)
900,3312,Glenelg (Vic.)
901,3312,Southern Grampians
902,3312,Glenelg (Vic.)
903,3312,West Wimmera
904,3312,West Wimmera
905,3312,Glenelg (Vic.)
906,3312,Glenelg (Vic.)
907,3312,Glenelg (Vic.)
908,3312,Glenelg (Vic.)
909,3312,Glenelg (Vic.)
910,3314,Southern Grampians
911,3314,Southern Grampians
912,3314,Southern Grampians
913,3314,Southern Grampians
914,3314,Southern Grampians
915,3314,Southern Grampians
916,3315,Southern Grampians
917,3315,Southern Grampians
918,3315,Southern Grampians
919,3315,Southern Grampians
920,3315,Southern Grampians
921,3315,Southern Grampians
922,3315,Southern Grampians
923,3315,Southern Grampians
924,3315,Southern Grampians
925,3315,Southern Grampians
926,3315,Southern Grampians
927,3315,Southern Grampians
928,3315,Southern Grampians
929,3315,Glenelg (Vic.)
930,3315,Glenelg (Vic.)
931,3315,Southern Grampians
932,3315,Southern Grampians
933,3315,Southern Grampians
934,3317,West Wimmera
935,3318,West Wimmera
936,3318,West Wimmera
937,3318,West Wimmera
938,3318,West Wimmera
939,3318,West Wimmera
940,3318,West Wimmera
941,3318,West Wimmera
942,3318,West Wimmera
943,3318,West Wimmera
944,3319,West Wimmera
945,3319,West Wimmera
946,3319,West Wimmera
947,3321,Golden Plains - South
948,3321,Golden Plains - South
949,3321,Colac Region
950,3322,Colac Region
951,3323,Corangamite - North
952,3323,Corangamite - North
953,3323,Corangamite - North
954,3324,Corangamite - North
955,3324,Corangamite - North
956,3324,Corangamite - North
957,3325,Corangamite - North
958,3325,Corangamite - North
959,3325,Corangamite - North
960,3325,Corangamite - North
961,3328,Golden Plains - South
962,3329,Golden Plains - South
963,3329,Colac Region
964,3329,Golden Plains - South
965,3330,Golden Plains - South
966,3331,Bannockburn
967,3331,Bannockburn
968,3331,Golden Plains - South
969,3331,Bannockburn
970,3331,Golden Plains - South
971,3331,Golden Plains - South
972,3331,Golden Plains - South
973,3332,Golden Plains - South
974,3333,Golden Plains - South
975,3333,Golden Plains - South
976,3334,Gordon (Vic.)
977,3334,Gordon (Vic.)
978,3334,Gordon (Vic.)
979,3334,Gordon (Vic.)
980,3334,Gordon (Vic.)
981,3335,Hillside
982,3335,Rockbank - Mount Cottrell
983,3335,Hillside
984,3335,Rockbank - Mount Cottrell
985,3335,Rockbank - Mount Cottrell
986,3336,Rockbank - Mount Cottrell
987,3336,Rockbank - Mount Cottrell
988,3336,Rockbank - Mount Cottrell
989,3337,Melton West
990,3337,Melton
991,3337,Melton
992,3337,Melton West
993,3337,Melton
994,3338,Melton South
995,3338,Melton South
996,3338,Melton South
997,3338,Melton South
998,3338,Melton South
999,3338,Melton South
1000,3338,Melton South
1001,3340,Bacchus Marsh
1002,3340,Lara
1003,3340,Bacchus Marsh Region
1004,3340,Bacchus Marsh
1005,3340,Bacchus Marsh
1006,3340,Bacchus Marsh Region
1007,3340,Bacchus Marsh
1008,3340,Bacchus Marsh
1009,3340,Bacchus Marsh
1010,3340,Bacchus Marsh
1011,3340,Bacchus Marsh Region
1012,3340,Bacchus Marsh Region
1013,3340,Lara
1014,3341,Bacchus Marsh Region
1015,3341,Bacchus Marsh Region
1016,3341,Bacchus Marsh Region
1017,3341,Bacchus Marsh Region
1018,3341,Bacchus Marsh
1019,3342,Bacchus Marsh Region
1020,3342,Bacchus Marsh Region
1021,3342,Bacchus Marsh Region
1022,3342,Gordon (Vic.)
1023,3342,Bacchus Marsh Region
1024,3342,Golden Plains - South
1025,3342,Bacchus Marsh Region
1026,3342,Bacchus Marsh Region
1027,3342,Bacchus Marsh Region
1028,3345,Gordon (Vic.)
1029,3350,Alfredton
1030,3350,Ballarat
1031,3350,Ballarat
1032,3350,Ballarat
1033,3350,Ballarat - North
1034,3350,Ballarat - North
1035,3350,Ballarat
1036,3350,Ballarat - North
1037,3350,Ballarat - North
1038,3350,Ballarat - South
1039,3350,Ballarat - North
1040,3350,Ballarat - South
1041,3350,Ballarat - North
1042,3350,Ballarat
1043,3350,Alfredton
1044,3350,Ballarat - South
1045,3350,Buninyong
1046,3350,Ballarat - South
1047,3350,Ballarat - North
1048,3350,Ballarat
1049,3350,Ballarat - South
1050,3350,Ballarat - North
1051,3350,Ballarat - South
1052,3351,Golden Plains - North
1053,3351,Beaufort
1054,3351,Golden Plains - North
1055,3351,Beaufort
1056,3351,Beaufort
1057,3351,Smythes Creek
1058,3351,Golden Plains - North
1059,3351,Beaufort
1060,3351,Golden Plains - North
1061,3351,Ararat Region
1062,3351,Ararat Region
1063,3351,Beaufort
1064,3351,Beaufort
1065,3351,Ararat Region
1066,3351,Golden Plains - North
1067,3351,Smythes Creek
1068,3351,Golden Plains - North
1069,3351,Golden Plains - North
1070,3351,Golden Plains - South
1071,3351,Smythes Creek
1072,3351,Golden Plains - North
1073,3351,Delacombe
1074,3351,Golden Plains - North
1075,3351,Beaufort
1076,3351,Golden Plains - North
1077,3351,Golden Plains - North
1078,3351,Ararat Region
1079,3351,Golden Plains - North
1080,3351,Ararat Region
1081,3352,Creswick - Clunes
1082,3352,Ballarat
1083,3352,Gordon (Vic.)
1084,3352,Creswick - Clunes
1085,3352,Gordon (Vic.)
1086,3352,Delacombe
1087,3352,Beaufort
1088,3352,Gordon (Vic.)
1089,3352,Gordon (Vic.)
1090,3352,Delacombe
1091,3352,Beaufort
1092,3352,Smythes Creek
1093,3352,Alfredton
1094,3352,Alfredton
1095,3352,Ballarat - North
1096,3352,Gordon (Vic.)
1097,3352,Gordon (Vic.)
1098,3352,Gordon (Vic.)
1099,3352,Golden Plains - South
1100,3352,Creswick - Clunes
1101,3352,Golden Plains - South
1102,3352,Gordon (Vic.)
1103,3352,Gordon (Vic.)
1104,3352,Golden Plains - North
1105,3352,Beaufort
1106,3352,Golden Plains - North
1107,3352,Ballarat - North
1108,3352,Avoca
1109,3352,Ballarat - North
1110,3352,Golden Plains - North
1111,3352,Ballarat - North
1112,3352,Gordon (Vic.)
1113,3352,Avoca
1114,3352,Beaufort
1115,3352,Creswick - Clunes
1116,3352,Gordon (Vic.)
1117,3352,Avoca
1118,3352,Buninyong
1119,3352,Gordon (Vic.)
1120,3352,Wendouree - Miners Rest
1121,3352,Wendouree - Miners Rest
1122,3352,Gordon (Vic.)
1123,3352,Creswick - Clunes
1124,3352,Gordon (Vic.)
1125,3352,Golden Plains - South
1126,3352,Avoca
1127,3352,Wendouree - Miners Rest
1128,3352,Golden Plains - North
1129,3352,Gordon (Vic.)
1130,3352,Gordon (Vic.)
1131,3352,Buninyong
1132,3352,Gordon (Vic.)
1133,3352,Gordon (Vic.)
1134,3352,Creswick - Clunes
1135,3352,Gordon (Vic.)
1136,3352,Ballarat - North
1137,3352,Creswick - Clunes
1138,3352,Avoca
1139,3352,Creswick - Clunes
1140,3352,Golden Plains - North
1141,3352,Creswick - Clunes
1142,3352,Gordon (Vic.)
1143,3353,Ballarat
1144,3354,Ballarat
1145,3354,Ballarat
1146,3355,Ballarat
1147,3355,Wendouree - Miners Rest
1148,3355,Wendouree - Miners Rest
1149,3355,Wendouree - Miners Rest
1150,3356,Delacombe
1151,3356,Delacombe
1152,3356,Ballarat - South
1153,3357,Buninyong
1154,3357,Buninyong
1155,3357,Golden Plains - South
1156,3358,Romsey
1157,3360,Golden Plains - North
1158,3360,Golden Plains - North
1159,3360,Golden Plains - North
1160,3360,Corangamite - North
1161,3360,Golden Plains - North
1162,3361,Corangamite - North
1163,3361,Beaufort
1164,3361,Corangamite - North
1165,3363,Creswick - Clunes
1166,3363,Creswick - Clunes
1167,3363,Creswick - Clunes
1168,3363,Creswick - Clunes
1169,3363,Daylesford
1170,3363,Creswick - Clunes
1171,3363,Creswick - Clunes
1172,3364,Creswick - Clunes
1173,3364,Creswick - Clunes
1174,3364,Creswick - Clunes
1175,3364,Gordon (Vic.)
1176,3364,Daylesford
1177,3364,Creswick - Clunes
1178,3364,Creswick - Clunes
1179,3364,Creswick - Clunes
1180,3364,Creswick - Clunes
1181,3364,Creswick - Clunes
1182,3364,Creswick - Clunes
1183,3364,Castlemaine Region
1184,3364,Creswick - Clunes
1185,3364,Daylesford
1186,3364,Creswick - Clunes
1187,3364,Daylesford
1188,3364,Creswick - Clunes
1189,3364,Daylesford
1190,3364,Daylesford
1191,3364,Creswick - Clunes
1192,3364,Creswick - Clunes
1193,3364,Creswick - Clunes
1194,3364,Creswick - Clunes
1195,3364,Castlemaine Region
1196,3364,Creswick - Clunes
1197,3364,Daylesford
1198,3370,Creswick - Clunes
1199,3370,Creswick - Clunes
1200,3370,Maryborough Region
1201,3370,Creswick - Clunes
1202,3371,Maryborough Region
1203,3371,Avoca
1204,3371,Maryborough Region
1205,3371,Creswick - Clunes
1206,3371,Avoca
1207,3371,Maryborough Region
1208,3371,Maryborough Region
1209,3371,Maryborough Region
1210,3371,Maryborough Region
1211,3371,Maryborough Region
1212,3373,Beaufort
1213,3373,Beaufort
1214,3373,Beaufort
1215,3373,Beaufort
1216,3373,Ararat Region
1217,3373,Beaufort
1218,3373,Beaufort
1219,3373,Beaufort
1220,3373,Beaufort
1221,3373,Beaufort
1222,3373,Beaufort
1223,3373,Beaufort
1224,3373,Beaufort
1225,3373,Beaufort
1226,3374,Stawell
1227,3375,Ararat Region
1228,3375,Ararat Region
1229,3375,Ararat Region
1230,3375,Beaufort
1231,3377,Avoca
1232,3377,Ararat
1233,3377,Ararat
1234,3377,Ararat Region
1235,3377,Avoca
1236,3377,Stawell
1237,3377,Ararat Region
1238,3377,Avoca
1239,3377,Ararat Region
1240,3377,Ararat Region
1241,3377,Ararat Region
1242,3377,Avoca
1243,3377,Stawell
1244,3377,Ararat Region
1245,3377,Ararat Region
1246,3377,Ararat Region
1247,3377,Ararat Region
1248,3377,Ararat Region
1249,3377,Beaufort
1250,3377,Ararat Region
1251,3377,Ararat Region
1252,3377,Ararat Region
1253,3377,Ararat Region
1254,3377,Ararat Region
1255,3377,Avoca
1256,3377,Ararat Region
1257,3378,Ararat Region
1258,3378,Ararat Region
1259,3379,Merimbula - Tura Beach
1260,3379,Ararat Region
1261,3379,Moyne - East
1262,3379,Ararat Region
1263,3379,Ararat Region
1264,3379,Ararat Region
1265,3379,Ararat Region
1266,3379,Ararat Region
1267,3379,Ararat Region
1268,3380,Stawell
1269,3380,Stawell
1270,3380,Stawell
1271,3380,Stawell
1272,3380,Stawell
1273,3380,St Arnaud
1274,3381,Avoca
1275,3381,Stawell
1276,3381,Stawell
1277,3381,Stawell
1278,3381,St Arnaud
1279,3381,Stawell
1280,3381,Stawell
1281,3381,Stawell
1282,3381,Stawell
1283,3381,Stawell
1284,3381,Ararat Region
1285,3381,Stawell
1286,3381,Stawell
1287,3381,Stawell
1288,3381,Stawell
1289,3381,Stawell
1290,3381,St Arnaud
1291,3381,Stawell
1292,3381,Stawell
1293,3381,Yarriambiack
1294,3381,Stawell
1295,3381,Stawell
1296,3381,Stawell
1297,3381,Stawell
1298,3381,Ararat Region
1299,3381,St Arnaud
1300,3381,Stawell
1301,3381,St Arnaud
1302,3381,St Arnaud
1303,3384,Avoca
1304,3384,Stawell
1305,3384,Avoca
1306,3384,Stawell
1307,3384,Stawell
1308,3384,Avoca
1309,3384,Stawell
1310,3384,St Arnaud
1311,3384,Avoca
1312,3384,Stawell
1313,3384,Avoca
1314,3385,Horsham Region
1315,3385,Stawell
1316,3385,Stawell
1317,3385,Stawell
1318,3385,Yarriambiack
1319,3385,Stawell
1320,3385,Stawell
1321,3385,Stawell
1322,3387,St Arnaud
1323,3387,Stawell
1324,3387,Stawell
1325,3387,Stawell
1326,3387,Stawell
1327,3387,St Arnaud
1328,3387,St Arnaud
1329,3387,St Arnaud
1330,3387,Stawell
1331,3387,St Arnaud
1332,3387,St Arnaud
1333,3388,St Arnaud
1334,3388,Yarriambiack
1335,3390,Yarriambiack
1336,3390,Yarriambiack
1337,3391,Yarriambiack
1338,3392,Yarriambiack
1339,3392,Yarriambiack
1340,3392,Yarriambiack
1341,3393,Yarriambiack
1342,3393,Yarriambiack
1343,3393,Yarriambiack
1344,3393,Yarriambiack
1345,3393,Yarriambiack
1346,3393,Yarriambiack
1347,3393,Yarriambiack
1348,3393,Yarriambiack
1349,3393,Yarriambiack
1350,3393,Yarriambiack
1351,3393,Yarriambiack
1352,3395,Yarriambiack
1353,3395,Nhill Region
1354,3395,Buloke
1355,3395,Yarriambiack
1356,3396,Yarriambiack
1357,3396,Yarriambiack
1358,3396,Yarriambiack
1359,3399,Horsham Region
1360,3399,Horsham Region
1361,3400,Horsham Region
1362,3400,Horsham
1363,3400,Horsham
1364,3400,Horsham Region
1365,3400,Horsham
1366,3400,Horsham
1367,3400,Horsham
1368,3401,Horsham Region
1369,3401,Horsham Region
1370,3401,Horsham Region
1371,3401,Southern Grampians
1372,3401,Horsham Region
1373,3401,Horsham Region
1374,3401,Horsham Region
1375,3401,Horsham
1376,3401,West Wimmera
1377,3401,Horsham Region
1378,3401,Horsham Region
1379,3401,West Wimmera
1380,3401,Horsham
1381,3401,Horsham
1382,3401,Horsham Region
1383,3401,Horsham Region
1384,3401,Horsham Region
1385,3401,Horsham Region
1386,3401,Horsham Region
1387,3401,West Wimmera
1388,3401,Horsham Region
1389,3401,Horsham Region
1390,3401,Horsham Region
1391,3401,Horsham Region
1392,3401,West Wimmera
1393,3401,West Wimmera
1394,3401,Horsham Region
1395,3401,Horsham Region
1396,3401,Horsham Region
1397,3401,West Wimmera
1398,3401,Horsham Region
1399,3401,Horsham Region
1400,3401,Horsham Region
1401,3401,Horsham Region
1402,3401,Horsham
1403,3401,Southern Grampians
1404,3401,
1405,3401,Horsham Region
1406,3401,Horsham Region
1407,3401,Horsham Region
1408,3401,Horsham Region
1409,3401,Horsham Region
1410,3401,Horsham Region
1411,3401,Yarriambiack
1412,3401,Horsham Region
1413,3401,West Wimmera
1414,3401,Horsham Region
1415,3401,Stawell
1416,3402,Horsham
1417,3407,Southern Grampians
1418,3407,Southern Grampians
1419,3407,Southern Grampians
1420,3407,Southern Grampians
1421,3407,Southern Grampians
1422,3409,Horsham Region
1423,3409,Horsham Region
1424,3409,West Wimmera
1425,3409,Horsham Region
1426,3409,Horsham Region
1427,3409,Horsham Region
1428,3409,West Wimmera
1429,3409,Horsham Region
1430,3409,Horsham Region
1431,3409,Horsham Region
1432,3409,Horsham Region
1433,3409,West Wimmera
1434,3412,West Wimmera
1435,3413,West Wimmera
1436,3413,West Wimmera
1437,3413,West Wimmera
1438,3413,West Wimmera
1439,3414,Nhill Region
1440,3414,Nhill Region
1441,3414,Nhill Region
1442,3415,Nhill Region
1443,3415,Robertson - Fitzroy Falls
1444,3418,Nhill Region
1445,3418,Nhill Region
1446,3418,Nhill Region
1447,3418,Nhill Region
1448,3418,Nhill Region
1449,3418,Nhill Region
1450,3418,Nhill Region
1451,3418,Nhill Region
1452,3418,Nhill Region
1453,3418,Nhill Region
1454,3419,Nhill Region
1455,3420,Nhill Region
1456,3420,Nhill Region
1457,3420,Nhill Region
1458,3423,Nhill Region
1459,3423,Nhill Region
1460,3424,Nhill Region
1461,3424,Nhill Region
1462,3424,Yarriambiack
1463,3427,Sunbury - South
1464,3427,Sunbury - South
1465,3428,Greenvale - Bulla
1466,3429,Sunbury - South
1467,3429,Sunbury
1468,3430,Romsey
1469,3431,Riddells Creek
1470,3432,Romsey
1471,3433,Romsey
1472,3434,Riddells Creek
1473,3434,Romsey
1474,3434,Romsey
1475,3434,Romsey
1476,3435,Romsey
1477,3435,Romsey
1478,3435,Romsey
1479,3435,Seymour Region
1480,3437,Gisborne
1481,3437,Gisborne
1482,3437,Gisborne
1483,3438,Gisborne
1484,3440,Macedon
1485,3441,Macedon
1486,3442,Woodend
1487,3442,Woodend
1488,3442,Kyneton
1489,3442,Romsey
1490,3442,Woodend
1491,3442,Romsey
1492,3442,Woodend
1493,3442,Romsey
1494,3442,Woodend
1495,3442,Woodend
1496,3444,Castlemaine Region
1497,3444,Kyneton
1498,3444,Kyneton
1499,3444,Kyneton
1500,3444,Seymour Region
1501,3444,Kyneton
1502,3444,Kyneton
1503,3444,Kyneton
1504,3444,Castlemaine Region
1505,3444,Kyneton
1506,3444,Bendigo Region - South
1507,3444,Castlemaine Region
1508,3444,Heathcote
1509,3444,Bendigo Region - South
1510,3444,Kyneton
1511,3444,Kyneton
1512,3444,Kyneton
1513,3444,Castlemaine Region
1514,3444,Kyneton
1515,3444,Kyneton
1516,3444,Kyneton
1517,3444,Daylesford
1518,3446,Castlemaine Region
1519,3446,Kyneton
1520,3447,Castlemaine Region
1521,3448,Castlemaine Region
1522,3448,Castlemaine Region
1523,3448,Castlemaine Region
1524,3450,Castlemaine
1525,3450,Castlemaine
1526,3451,Castlemaine Region
1527,3451,Castlemaine
1528,3451,Castlemaine
1529,3451,Castlemaine
1530,3451,Castlemaine Region
1531,3451,Castlemaine Region
1532,3451,Castlemaine Region
1533,3451,Castlemaine
1534,3451,Castlemaine Region
1535,3451,Castlemaine Region
1536,3451,Castlemaine Region
1537,3451,Castlemaine
1538,3451,Castlemaine Region
1539,3451,Castlemaine Region
1540,3451,Castlemaine Region
1541,3451,Castlemaine Region
1542,3451,Castlemaine Region
1543,3453,Castlemaine Region
1544,3453,Castlemaine Region
1545,3453,Bendigo Region - South
1546,3453,Castlemaine Region
1547,3458,Bacchus Marsh Region
1548,3458,Bacchus Marsh Region
1549,3458,Kyneton
1550,3458,Bacchus Marsh Region
1551,3458,Daylesford
1552,3458,Daylesford
1553,3458,Daylesford
1554,3458,Daylesford
1555,3458,Woodend
1556,3460,Daylesford
1557,3460,Daylesford
1558,3461,Daylesford
1559,3461,Daylesford
1560,3461,Daylesford
1561,3461,Daylesford
1562,3461,Daylesford
1563,3461,Daylesford
1564,3461,Daylesford
1565,3461,Daylesford
1566,3461,Daylesford
1567,3461,Daylesford
1568,3461,Daylesford
1569,3461,Daylesford
1570,3461,Daylesford
1571,3461,Daylesford
1572,3461,Daylesford
1573,3461,Daylesford
1574,3461,Daylesford
1575,3461,Daylesford
1576,3461,Daylesford
1577,3461,Daylesford
1578,3461,Daylesford
1579,3461,Daylesford
1580,3461,Daylesford
1581,3461,Gordon (Vic.)
1582,3461,Castlemaine Region
1583,3461,Daylesford
1584,3461,Daylesford
1585,3461,Castlemaine Region
1586,3462,Castlemaine Region
1587,3462,Castlemaine Region
1588,3462,Castlemaine Region
1589,3462,Castlemaine Region
1590,3462,Castlemaine Region
1591,3462,Castlemaine Region
1592,3463,Castlemaine Region
1593,3463,Castlemaine Region
1594,3463,Castlemaine Region
1595,3463,Castlemaine Region
1596,3463,Castlemaine Region
1597,3463,Loddon
1598,3463,Castlemaine Region
1599,3463,Castlemaine Region
1600,3463,Castlemaine Region
1601,3463,Castlemaine Region
1602,3463,Castlemaine Region
1603,3463,Bendigo Region - South
1604,3463,Castlemaine Region
1605,3463,Castlemaine Region
1606,3463,Loddon
1607,3464,Maryborough Region
1608,3465,Maryborough Region
1609,3465,Maryborough Region
1610,3465,Maryborough Region
1611,3465,Maryborough Region
1612,3465,Maryborough Region
1613,3465,Maryborough Region
1614,3465,Maryborough Region
1615,3465,Maryborough Region
1616,3465,Maryborough Region
1617,3465,Maryborough Region
1618,3465,Avoca
1619,3465,Maryborough Region
1620,3465,Maryborough (Vic.)
1621,3465,Maryborough Region
1622,3465,Maryborough Region
1623,3465,Avoca
1624,3465,Avoca
1625,3465,Avoca
1626,3465,Maryborough Region
1627,3465,Maryborough Region
1628,3465,Maryborough Region
1629,3465,Maryborough Region
1630,3465,Maryborough Region
1631,3467,Avoca
1632,3467,Avoca
1633,3468,Avoca
1634,3468,Beaufort
1635,3469,Avoca
1636,3469,Avoca
1637,3469,Beaufort
1638,3469,Avoca
1639,3469,Avoca
1640,3472,Maryborough Region
1641,3472,Maryborough Region
1642,3472,Maryborough Region
1643,3472,Maryborough Region
1644,3472,Maryborough Region
1645,3472,Maryborough Region
1646,3472,Maryborough Region
1647,3472,Maryborough Region
1648,3472,Loddon
1649,3472,Maryborough Region
1650,3472,Maryborough Region
1651,3475,Maryborough Region
1652,3475,Maryborough Region
1653,3475,Maryborough Region
1654,3475,Loddon
1655,3475,Loddon
1656,3475,St Arnaud
1657,3475,Loddon
1658,3477,St Arnaud
1659,3477,St Arnaud
1660,3477,St Arnaud
1661,3477,St Arnaud
1662,3477,Buloke
1663,3477,St Arnaud
1664,3477,St Arnaud
1665,3477,St Arnaud
1666,3477,St Arnaud
1667,3477,St Arnaud
1668,3477,St Arnaud
1669,3477,St Arnaud
1670,3477,St Arnaud
1671,3477,St Arnaud
1672,3477,St Arnaud
1673,3477,St Arnaud
1674,3477,St Arnaud
1675,3477,St Arnaud
1676,3477,Avoca
1677,3477,St Arnaud
1678,3477,St Arnaud
1679,3477,St Arnaud
1680,3477,St Arnaud
1681,3477,St Arnaud
1682,3477,St Arnaud
1683,3477,St Arnaud
1684,3477,St Arnaud
1685,3477,St Arnaud
1686,3477,St Arnaud
1687,3477,St Arnaud
1688,3478,St Arnaud
1689,3478,St Arnaud
1690,3478,Loddon
1691,3478,St Arnaud
1692,3478,St Arnaud
1693,3478,Buloke
1694,3478,St Arnaud
1695,3478,Avoca
1696,3478,Buloke
1697,3478,St Arnaud
1698,3478,St Arnaud
1699,3478,St Arnaud
1700,3478,St Arnaud
1701,3478,St Arnaud
1702,3478,St Arnaud
1703,3478,St Arnaud
1704,3478,St Arnaud
1705,3478,St Arnaud
1706,3478,St Arnaud
1707,3478,Avoca
1708,3478,Avoca
1709,3478,Avoca
1710,3478,St Arnaud
1711,3478,St Arnaud
1712,3478,St Arnaud
1713,3478,St Arnaud
1714,3478,St Arnaud
1715,3478,St Arnaud
1716,3478,St Arnaud
1717,3478,Avoca
1718,3478,St Arnaud
1719,3478,St Arnaud
1720,3478,Stawell
1721,3478,Avoca
1722,3478,Buloke
1723,3480,Yarriambiack
1724,3480,Buloke
1725,3480,Yarriambiack
1726,3480,Buloke
1727,3480,Buloke
1728,3480,Buloke
1729,3480,Buloke
1730,3480,Buloke
1731,3480,Buloke
1732,3480,Buloke
1733,3480,Buloke
1734,3480,Buloke
1735,3480,Buloke
1736,3480,Buloke
1737,3480,Buloke
1738,3480,Buloke
1739,3480,Buloke
1740,3480,Buloke
1741,3480,St Arnaud
1742,3480,St Arnaud
1743,3480,St Arnaud
1744,3482,Buloke
1745,3482,Buloke
1746,3482,Buloke
1747,3482,Buloke
1748,3482,Buloke
1749,3483,Buloke
1750,3483,Buloke
1751,3483,Buloke
1752,3483,Buloke
1753,3483,Buloke
1754,3483,Buloke
1755,3483,Buloke
1756,3483,Buloke
1757,3483,Buloke
1758,3483,Buloke
1759,3483,Buloke
1760,3485,Buloke
1761,3485,Buloke
1762,3485,Buloke
1763,3485,Yarriambiack
1764,3487,Yarriambiack
1765,3488,Yarriambiack
1766,3488,Yarriambiack
1767,3488,Buloke
1768,3489,Yarriambiack
1769,3490,Mildura Region
1770,3490,Mildura Region
1771,3490,Mildura Region
1772,3490,Mildura Region
1773,3490,Mildura Region
1774,3490,Mildura Region
1775,3490,Mildura Region
1776,3490,Mildura Region
1777,3491,Mildura Region
1778,3494,Mildura Region
1779,3494,Mildura Region
1780,3494,Mildura Region
1781,3494,Mildura Region
1782,3496,Red Cliffs
1783,3496,Mildura Region
1784,3496,Mildura Region
1785,3496,Mildura Region
1786,3496,Mildura Region
1787,3496,Mildura Region
1788,3496,Mildura Region
1789,3496,Red Cliffs
1790,3496,Red Cliffs
1791,3496,Mildura Region
1792,3498,Irymple
1793,3500,Mildura - South
1794,3500,Mildura - South
1795,3500,Mildura - North
1796,3501,Mildura Region
1797,3501,Mildura Region
1798,3501,Mildura - South
1799,3501,Mildura - South
1800,3501,Irymple
1801,3502,Mildura - South
1802,3505,Merbein
1803,3505,Merbein
1804,3505,Merbein
1805,3505,Merbein
1806,3505,Merbein
1807,3505,Mildura Region
1808,3505,Merbein
1809,3506,Mildura Region
1810,3507,Mildura Region
1811,3509,Mildura Region
1812,3509,Mildura Region
1813,3512,Mildura Region
1814,3512,Mildura Region
1815,3512,Mildura Region
1816,3515,Bendigo Region - South
1817,3515,Bendigo Region - South
1818,3515,Bendigo Region - South
1819,3516,Loddon
1820,3516,Loddon
1821,3516,Loddon
1822,3516,Loddon
1823,3516,Bendigo Region - South
1824,3516,Loddon
1825,3517,Loddon
1826,3517,Loddon
1827,3517,Loddon
1828,3517,Loddon
1829,3517,Loddon
1830,3517,Loddon
1831,3517,Loddon
1832,3517,Loddon
1833,3517,Loddon
1834,3517,Loddon
1835,3517,Loddon
1836,3517,Loddon
1837,3518,Loddon
1838,3518,Loddon
1839,3518,Loddon
1840,3518,Loddon
1841,3518,Loddon
1842,3518,Loddon
1843,3518,Loddon
1844,3518,Loddon
1845,3518,Buloke
1846,3518,Loddon
1847,3518,Loddon
1848,3518,Loddon
1849,3518,Loddon
1850,3518,Loddon
1851,3518,Loddon
1852,3518,Buloke
1853,3520,Loddon
1854,3520,Loddon
1855,3520,Loddon
1856,3521,Seymour Region
1857,3522,Seymour Region
1858,3522,Seymour Region
1859,3522,Seymour Region
1860,3523,Heathcote
1861,3523,Heathcote
1862,3523,Heathcote
1863,3523,Heathcote
1864,3523,Seymour Region
1865,3523,Heathcote
1866,3523,Heathcote
1867,3523,Nagambie
1868,3523,Heathcote
1869,3523,Heathcote
1870,3525,Buloke
1871,3525,Loddon
1872,3525,Buloke
1873,3525,Buloke
1874,3525,Buloke
1875,3525,Buloke
1876,3525,Buloke
1877,3525,Loddon
1878,3525,Buloke
1879,3525,Buloke
1880,3525,Buloke
1881,3525,Loddon
1882,3525,Buloke
1883,3525,Loddon
1884,3525,Loddon
1885,3525,Buloke
1886,3525,Buloke
1887,3527,Buloke
1888,3527,Buloke
1889,3527,Buloke
1890,3527,Buloke
1891,3527,Buloke
1892,3527,Gannawarra
1893,3527,Buloke
1894,3527,Buloke
1895,3527,Buloke
1896,3527,Buloke
1897,3527,Buloke
1898,3527,Buloke
1899,3527,Buloke
1900,3529,Buloke
1901,3529,Buloke
1902,3530,Buloke
1903,3530,Buloke
1904,3530,Buloke
1905,3530,Buloke
1906,3531,Buloke
1907,3531,Buloke
1908,3531,Buloke
1909,3533,Buloke
1910,3533,Buloke
1911,3533,Mildura Region
1912,3533,Buloke
1913,3533,Buloke
1914,3533,Buloke
1915,3533,Buloke
1916,3533,Buloke
1917,3533,Buloke
1918,3533,Buloke
1919,3533,Buloke
1920,3533,Buloke
1921,3533,Buloke
1922,3537,Loddon
1923,3537,Loddon
1924,3537,Loddon
1925,3537,Loddon
1926,3537,Loddon
1927,3537,Loddon
1928,3537,Loddon
1929,3537,Loddon
1930,3537,Loddon
1931,3540,Gannawarra
1932,3540,Gannawarra
1933,3540,Gannawarra
1934,3540,Gannawarra
1935,3542,Buloke
1936,3542,Gannawarra
1937,3542,Buloke
1938,3542,Buloke
1939,3544,Swan Hill Region
1940,3544,Swan Hill Region
1941,3544,Swan Hill Region
1942,3544,Buloke
1943,3544,Swan Hill Region
1944,3544,Swan Hill Region
1945,3544,Swan Hill Region
1946,3546,Swan Hill Region
1947,3546,Swan Hill Region
1948,3546,Swan Hill Region
1949,3546,Swan Hill Region
1950,3546,Swan Hill Region
1951,3546,Swan Hill Region
1952,3546,Swan Hill Region
1953,3549,Swan Hill Region
1954,3549,Swan Hill Region
1955,3549,Robinvale
1956,3549,Swan Hill Region
1957,3549,Robinvale
1958,3549,Robinvale
1959,3549,Robinvale
1960,3549,Robinvale
1961,3549,Robinvale
1962,3549,Robinvale
1963,3549,Swan Hill Region
1964,3549,Swan Hill Region
1965,3550,Bendigo
1966,3550,Flora Hill - Spring Gully
1967,3550,Bendigo Region - South
1968,3550,East Bendigo - Kennington
1969,3550,Flora Hill - Spring Gully
1970,3550,Bendigo
1971,3550,East Bendigo - Kennington
1972,3550,Bendigo
1973,3550,Bendigo
1974,3550,Flora Hill - Spring Gully
1975,3550,California Gully - Eaglehawk
1976,3550,Flora Hill - Spring Gully
1977,3550,East Bendigo - Kennington
1978,3550,Bendigo
1979,3550,Bendigo
1980,3550,White Hills - Ascot
1981,3551,Loddon
1982,3551,Loddon
1983,3551,White Hills - Ascot
1984,3551,Bendigo Region - South
1985,3551,Heathcote
1986,3551,Bendigo Region - North
1987,3551,Bendigo Region - North
1988,3551,Bendigo
1989,3551,Rushworth
1990,3551,White Hills - Ascot
1991,3551,Bendigo Region - South
1992,3551,Bendigo Region - South
1993,3551,White Hills - Ascot
1994,3551,White Hills - Ascot
1995,3551,Bendigo Region - North
1996,3551,Strathfieldsaye
1997,3551,Bendigo Region - South
1998,3551,Heathcote
1999,3551,Loddon
2000,3551,Bendigo Region - South
2001,3551,Bendigo Region - South
2002,3551,Bendigo Region - North
2003,3551,Maiden Gully
2004,3551,Bendigo Region - South
2005,3551,Bendigo Region - South
2006,3551,Minto - St Andrews
2007,3551,Bendigo Region - South
2008,3551,Loddon
2009,3551,Rushworth
2010,3551,Rushworth
2011,3551,Bendigo Region - South
2012,3551,Loddon
2013,3551,Maryborough Region
2014,3551,Bendigo Region - South
2015,3551,Bendigo Region - South
2016,3551,Strathfieldsaye
2017,3551,Loddon
2018,3551,Rushworth
2019,3551,Loddon
2020,3551,Bendigo Region - North
2021,3551,Loddon
2022,3552,Bendigo
2023,3554,Bendigo
2024,3555,Kangaroo Flat - Golden Square
2025,3555,Kangaroo Flat - Golden Square
2026,3555,Kangaroo Flat - Golden Square
2027,3555,Kangaroo Flat - Golden Square
2028,3555,Kangaroo Flat - Golden Square
2029,3555,Kangaroo Flat - Golden Square
2030,3556,California Gully - Eaglehawk
2031,3556,Bendigo Region - North
2032,3556,Bendigo Region - North
2033,3556,California Gully - Eaglehawk
2034,3556,California Gully - Eaglehawk
2035,3556,California Gully - Eaglehawk
2036,3556,Bendigo Region - North
2037,3556,California Gully - Eaglehawk
2038,3556,Bendigo Region - North
2039,3556,White Hills - Ascot
2040,3556,Bendigo Region - North
2041,3557,Bendigo Region - North
2042,3557,Bendigo Region - North
2043,3557,Bendigo Region - North
2044,3557,Rushworth
2045,3557,Rushworth
2046,3558,Rushworth
2047,3558,Rushworth
2048,3558,White Hills - Ascot
2049,3558,Bendigo Region - North
2050,3558,Bendigo Region - North
2051,3558,Rushworth
2052,3559,Bendigo Region - North
2053,3559,Rushworth
2054,3559,Rushworth
2055,3559,Rushworth
2056,3559,Rushworth
2057,3559,Rushworth
2058,3559,Bendigo Region - North
2059,3559,Rushworth
2060,3561,Rochester
2061,3561,Lockington - Gunbower
2062,3561,Lockington - Gunbower
2063,3561,Rochester
2064,3561,Lockington - Gunbower
2065,3561,Lockington - Gunbower
2066,3561,Rochester
2067,3561,Rochester
2068,3561,Rochester
2069,3561,Rochester
2070,3561,Lockington - Gunbower
2071,3561,Kyabram
2072,3562,Lockington - Gunbower
2073,3563,Lockington - Gunbower
2074,3564,Lockington - Gunbower
2075,3564,Echuca
2076,3564,Echuca
2077,3564,Echuca
2078,3564,Echuca
2079,3564,Echuca
2080,3564,Lockington - Gunbower
2081,3564,Kyabram
2082,3564,Lockington - Gunbower
2083,3564,Lockington - Gunbower
2084,3564,Lockington - Gunbower
2085,3564,Lockington - Gunbower
2086,3564,Echuca
2087,3564,Lockington - Gunbower
2088,3565,Lockington - Gunbower
2089,3566,Lockington - Gunbower
2090,3567,Gannawarra
2091,3567,Gannawarra
2092,3568,Gannawarra
2093,3568,Gannawarra
2094,3568,Gannawarra
2095,3568,Gannawarra
2096,3568,Gannawarra
2097,3568,Gannawarra
2098,3568,Gannawarra
2099,3568,Gannawarra
2100,3568,Gannawarra
2101,3568,Gannawarra
2102,3568,Gannawarra
2103,3570,Loddon
2104,3570,Bendigo Region - North
2105,3570,Bendigo Region - North
2106,3570,Bendigo Region - North
2107,3570,Bendigo Region - North
2108,3570,Bendigo Region - North
2109,3571,Loddon
2110,3571,Bendigo Region - North
2111,3571,Loddon
2112,3571,Loddon
2113,3571,Loddon
2114,3572,Lockington - Gunbower
2115,3572,Lockington - Gunbower
2116,3572,Loddon
2117,3572,Lockington - Gunbower
2118,3573,Loddon
2119,3573,Loddon
2120,3573,Lockington - Gunbower
2121,3573,Lockington - Gunbower
2122,3573,Lockington - Gunbower
2123,3575,Loddon
2124,3575,Loddon
2125,3575,Loddon
2126,3575,Loddon
2127,3575,Loddon
2128,3575,Loddon
2129,3575,Loddon
2130,3575,Loddon
2131,3575,Loddon
2132,3575,Loddon
2133,3576,Loddon
2134,3579,Gannawarra
2135,3579,Gannawarra
2136,3579,Gannawarra
2137,3579,Gannawarra
2138,3579,Gannawarra
2139,3579,Gannawarra
2140,3579,Gannawarra
2141,3579,Gannawarra
2142,3579,Kerang
2143,3579,Gannawarra
2144,3579,Gannawarra
2145,3579,Kerang
2146,3579,Gannawarra
2147,3579,Gannawarra
2148,3579,Gannawarra
2149,3579,Gannawarra
2150,3579,Gannawarra
2151,3579,Gannawarra
2152,3579,Gannawarra
2153,3579,Gannawarra
2154,3579,Gannawarra
2155,3579,Gannawarra
2156,3579,Gannawarra
2157,3579,Gannawarra
2158,3579,Gannawarra
2159,3579,Gannawarra
2160,3579,Gannawarra
2161,3579,Gannawarra
2162,3579,Gannawarra
2163,3579,Gannawarra
2164,3580,Gannawarra
2165,3581,Gannawarra
2166,3581,Gannawarra
2167,3583,Swan Hill Region
2168,3584,Swan Hill Region
2169,3584,Swan Hill Region
2170,3585,Swan Hill Region
2171,3585,Swan Hill Region
2172,3585,Swan Hill Region
2173,3585,Swan Hill Region
2174,3585,Swan Hill Region
2175,3585,Swan Hill Region
2176,3585,Swan Hill Region
2177,3585,Swan Hill Region
2178,3585,Swan Hill Region
2179,3585,Swan Hill Region
2180,3585,Swan Hill Region
2181,3585,Swan Hill
2182,3585,Swan Hill
2183,3585,Swan Hill Region
2184,3585,Swan Hill Region
2185,3586,Swan Hill Region
2186,3586,Swan Hill Region
2187,3586,Swan Hill Region
2188,3586,Swan Hill Region
2189,3586,Swan Hill Region
2190,3586,Swan Hill Region
2191,3586,Swan Hill Region
2192,3588,Swan Hill Region
2193,3589,Swan Hill Region
2194,3589,Swan Hill Region
2195,3590,Swan Hill Region
2196,3591,Swan Hill Region
2197,3594,Swan Hill Region
2198,3595,Swan Hill Region
2199,3596,Swan Hill Region
2200,3596,Swan Hill Region
2201,3596,Swan Hill Region
2202,3597,Swan Hill Region
2203,3597,Swan Hill Region
2204,3597,Swan Hill Region
2205,3597,Swan Hill Region
2206,3597,Swan Hill Region
2207,3597,Swan Hill Region
2208,3599,Swan Hill Region
2209,3607,Nagambie
2210,3608,Nagambie
2211,3608,Nagambie
2212,3608,Nagambie
2213,3608,Nagambie
2214,3608,Nagambie
2215,3608,Nagambie
2216,3608,Nagambie
2217,3608,Nagambie
2218,3610,Shepparton Region - West
2219,3610,Shepparton Region - West
2220,3610,Shepparton Region - West
2221,3610,Shepparton Region - West
2222,3610,Shepparton Region - West
2223,3612,Rushworth
2224,3612,Rushworth
2225,3612,Rushworth
2226,3612,Rushworth
2227,3612,Rushworth
2228,3612,Nagambie
2229,3614,Shepparton Region - West
2230,3614,Shepparton Region - West
2231,3616,Shepparton Region - West
2232,3616,Shepparton Region - West
2233,3616,Shepparton Region - West
2234,3616,Shepparton Region - West
2235,3616,Shepparton Region - West
2236,3616,Shepparton Region - West
2237,3616,Shepparton Region - West
2238,3616,Shepparton Region - West
2239,3616,Shepparton Region - West
2240,3617,Shepparton Region - West
2241,3618,Shepparton Region - West
2242,3619,Kyabram
2243,3620,Kyabram
2244,3620,Shepparton Region - West
2245,3620,Kyabram
2246,3620,Kyabram
2247,3620,Shepparton Region - West
2248,3620,Kyabram
2249,3620,Kyabram
2250,3620,Kyabram
2251,3621,Kyabram
2252,3621,Kyabram
2253,3621,Kyabram
2254,3621,Kyabram
2255,3621,Kyabram
2256,3621,Kyabram
2257,3622,Echuca
2258,3622,Kyabram
2259,3622,Rochester
2260,3623,Rushworth
2261,3623,Rushworth
2262,3623,Shepparton Region - West
2263,3624,Rushworth
2264,3629,Shepparton Region - West
2265,3629,Shepparton Region - West
2266,3629,Mooroopna
2267,3629,Shepparton Region - West
2268,3629,Shepparton Region - West
2269,3630,Shepparton Region - East
2270,3630,Shepparton - North
2271,3630,Shepparton Region - East
2272,3630,Shepparton - South
2273,3630,Shepparton - North
2274,3630,Shepparton - South
2275,3630,Shepparton - South
2276,3631,Shepparton Region - East
2277,3631,Euroa
2278,3631,Shepparton Region - East
2279,3631,Shepparton Region - East
2280,3631,Shepparton - North
2281,3631,Shepparton Region - East
2282,3631,Shepparton - South
2283,3631,Shepparton Region - East
2284,3631,Shepparton - South
2285,3631,Shepparton Region - East
2286,3631,Shepparton - South
2287,3631,Shepparton Region - East
2288,3631,Shepparton - South
2289,3631,Shepparton - North
2290,3631,Shepparton Region - East
2291,3632,Shepparton - South
2292,3633,Shepparton Region - East
2293,3634,Shepparton Region - East
2294,3634,Numurkah
2295,3634,Shepparton Region - East
2296,3634,Shepparton Region - East
2297,3634,Shepparton Region - East
2298,3634,Numurkah
2299,3634,Shepparton Region - East
2300,3634,Shepparton Region - East
2301,3635,Numurkah
2302,3635,Numurkah
2303,3635,Numurkah
2304,3636,Numurkah
2305,3636,Numurkah
2306,3636,Numurkah
2307,3636,Numurkah
2308,3637,Numurkah
2309,3637,Numurkah
2310,3638,Numurkah
2311,3638,Numurkah
2312,3638,Numurkah
2313,3639,Numurkah
2314,3639,Numurkah
2315,3639,Numurkah
2316,3639,Numurkah
2317,3640,Numurkah
2318,3641,Numurkah
2319,3641,Numurkah
2320,3641,Numurkah
2321,3641,Numurkah
2322,3643,Cobram
2323,3644,Cobram
2324,3644,Cobram
2325,3644,Cobram
2326,3644,Numurkah
2327,3644,Numurkah
2328,3646,Shepparton Region - East
2329,3646,Shepparton Region - East
2330,3646,Euroa
2331,3646,Moira
2332,3646,Moira
2333,3646,Moira
2334,3646,Moira
2335,3646,Moira
2336,3647,Shepparton Region - East
2337,3649,Moira
2338,3649,Moira
2339,3658,Kilmore - Broadford
2340,3658,Wallan
2341,3658,
2342,3658,Yea
2343,3658,Yea
2344,3658,Kilmore - Broadford
2345,3658,Yea
2346,3658,Seymour Region
2347,3658,Kilmore - Broadford
2348,3658,Kilmore - Broadford
2349,3658,Wallan
2350,3659,Seymour Region
2351,3659,Seymour Region
2352,3660,Yea
2353,3660,Yea
2354,3660,Seymour Region
2355,3660,Yea
2356,3660,Seymour Region
2357,3660,Yea
2358,3660,Seymour Region
2359,3660,Seymour Region
2360,3660,Seymour
2361,3660,Seymour
2362,3660,Seymour Region
2363,3660,Seymour Region
2364,3661,Seymour
2365,3662,Seymour Region
2366,3662,Seymour Region
2367,3663,Nagambie
2368,3664,Nagambie
2369,3664,Nagambie
2370,3665,Nagambie
2371,3665,Euroa
2372,3665,Euroa
2373,3666,Euroa
2374,3666,Euroa
2375,3666,Euroa
2376,3666,Euroa
2377,3666,Euroa
2378,3666,Euroa
2379,3666,Euroa
2380,3666,Euroa
2381,3666,Euroa
2382,3666,Euroa
2383,3666,Euroa
2384,3666,Euroa
2385,3666,Euroa
2386,3666,Euroa
2387,3666,Euroa
2388,3666,Euroa
2389,3666,Seymour Region
2390,3669,Euroa
2391,3669,Euroa
2392,3669,Euroa
2393,3669,Euroa
2394,3669,Shepparton Region - East
2395,3669,Euroa
2396,3669,Euroa
2397,3669,Euroa
2398,3669,Shepparton Region - East
2399,3669,Euroa
2400,3669,Euroa
2401,3670,Benalla Region
2402,3670,Benalla Region
2403,3670,Benalla Region
2404,3671,Benalla
2405,3672,Benalla
2406,3672,Benalla
2407,3673,Benalla
2408,3673,Benalla Region
2409,3673,Benalla Region
2410,3673,Benalla
2411,3673,Benalla Region
2412,3673,Benalla Region
2413,3673,Benalla Region
2414,3673,Benalla Region
2415,3673,Benalla Region
2416,3673,Benalla Region
2417,3673,Benalla Region
2418,3673,Benalla Region
2419,3673,Benalla Region
2420,3673,Benalla Region
2421,3673,Euroa
2422,3673,Benalla Region
2423,3673,Benalla Region
2424,3673,Benalla Region
2425,3673,Benalla Region
2426,3675,Moira
2427,3675,Moira
2428,3675,Wangaratta Region
2429,3675,Benalla Region
2430,3675,Wangaratta Region
2431,3675,Wangaratta Region
2432,3675,Wangaratta Region
2433,3675,Wangaratta Region
2434,3675,Benalla Region
2435,3675,Benalla Region
2436,3676,Wangaratta
2437,3677,Wangaratta
2438,3677,Wangaratta
2439,3677,Wangaratta
2440,3677,Wangaratta
2441,3678,Wangaratta Region
2442,3678,Wangaratta Region
2443,3678,Wangaratta Region
2444,3678,Wangaratta Region
2445,3678,Wangaratta Region
2446,3678,Wangaratta Region
2447,3678,Wangaratta Region
2448,3678,Wangaratta Region
2449,3678,Wangaratta Region
2450,3678,Wangaratta Region
2451,3678,Wangaratta Region
2452,3678,Wangaratta Region
2453,3678,Wangaratta Region
2454,3678,Wangaratta Region
2455,3678,Wangaratta Region
2456,3678,Wangaratta Region
2457,3678,Wangaratta Region
2458,3678,Wangaratta Region
2459,3678,Wangaratta Region
2460,3678,Wangaratta Region
2461,3678,Wangaratta Region
2462,3678,Wangaratta Region
2463,3678,Wangaratta Region
2464,3678,Wangaratta Region
2465,3678,Wangaratta Region
2466,3678,Wangaratta Region
2467,3678,Wangaratta Region
2468,3678,Wangaratta Region
2469,3678,Wangaratta Region
2470,3678,Wangaratta Region
2471,3678,Wangaratta
2472,3678,Wangaratta Region
2473,3678,Wangaratta
2474,3678,Wangaratta Region
2475,3678,Wangaratta Region
2476,3682,Wangaratta Region
2477,3682,Rutherglen
2478,3682,Rutherglen
2479,3682,Wangaratta Region
2480,3683,Chiltern - Indigo Valley
2481,3683,Chiltern - Indigo Valley
2482,3683,Chiltern - Indigo Valley
2483,3683,Chiltern - Indigo Valley
2484,3685,Wangaratta Region
2485,3685,Rutherglen
2486,3685,Chiltern - Indigo Valley
2487,3685,Rutherglen
2488,3685,Rutherglen
2489,3685,Rutherglen
2490,3685,Rutherglen
2491,3685,Rutherglen
2492,3685,Rutherglen
2493,3685,Rutherglen
2494,3685,Rutherglen
2495,3687,Rutherglen
2496,3687,Rutherglen
2497,3688,Chiltern - Indigo Valley
2498,3688,West Wodonga
2499,3688,Chiltern - Indigo Valley
2500,3688,Chiltern - Indigo Valley
2501,3689,Wodonga
2502,3690,West Wodonga
2503,3690,Wodonga
2504,3690,Wodonga
2505,3691,Yackandandah
2506,3691,Wodonga
2507,3691,Wodonga
2508,3691,West Wodonga
2509,3691,Towong
2510,3691,Towong
2511,3691,Towong
2512,3691,Wodonga
2513,3691,Towong
2514,3691,West Wodonga
2515,3691,Bright - Mount Beauty
2516,3691,Bright - Mount Beauty
2517,3691,Wodonga
2518,3691,Wodonga
2519,3691,Bright - Mount Beauty
2520,3691,Yackandandah
2521,3691,Wodonga
2522,3691,West Wodonga
2523,3691,Bright - Mount Beauty
2524,3691,Bright - Mount Beauty
2525,3691,Yackandandah
2526,3691,Bright - Mount Beauty
2527,3691,Yackandandah
2528,3691,Wodonga
2529,3691,Wodonga
2530,3691,Wodonga
2531,3691,Towong
2532,3691,Bright - Mount Beauty
2533,3691,Towong
2534,3691,Yackandandah
2535,3691,Bright - Mount Beauty
2536,3691,Yackandandah
2537,3691,Towong
2538,3691,Yackandandah
2539,3691,Towong
2540,3691,Bright - Mount Beauty
2541,3691,Wodonga
2542,3694,Wodonga
2543,3694,Wodonga
2544,3695,Yackandandah
2545,3695,Yackandandah
2546,3695,Yackandandah
2547,3695,Yackandandah
2548,3697,Bright - Mount Beauty
2549,3698,Bright - Mount Beauty
2550,3699,Bright - Mount Beauty
2551,3699,Bright - Mount Beauty
2552,3699,Bright - Mount Beauty
2553,3699,Bruthen - Omeo
2554,3700,Towong
2555,3700,Towong
2556,3700,Towong
2557,3700,Towong
2558,3700,Towong
2559,3701,Towong
2560,3701,Towong
2561,3701,Lowood
2562,3701,Towong
2563,3701,Towong
2564,3701,Towong
2565,3701,Towong
2566,3701,Towong
2567,3701,Towong
2568,3701,Towong
2569,3701,Towong
2570,3704,Towong
2571,3705,Towong
2572,3705,Towong
2573,3707,Towong
2574,3707,Towong
2575,3707,Towong
2576,3707,Towong
2577,3707,Towong
2578,3707,Towong
2579,3707,Towong
2580,3707,Towong
2581,3708,Towong
2582,3709,Towong
2583,3709,Towong
2584,3709,Towong
2585,3709,Towong
2586,3709,Towong
2587,3711,Alexandra
2588,3712,Alexandra
2589,3712,Alexandra
2590,3713,Alexandra
2591,3713,Mansfield (Vic.)
2592,3713,Alexandra
2593,3714,Alexandra
2594,3714,Alexandra
2595,3714,Alexandra
2596,3714,Alexandra
2597,3714,Alexandra
2598,3714,Alexandra
2599,3714,Alexandra
2600,3714,Alexandra
2601,3714,Alexandra
2602,3714,Alexandra
2603,3715,Mansfield (Vic.)
2604,3715,Mansfield (Vic.)
2605,3715,Mansfield (Vic.)
2606,3717,Yea
2607,3717,Yea
2608,3717,Yea
2609,3717,Yea
2610,3717,Yea
2611,3717,Yea
2612,3717,Yea
2613,3717,Yea
2614,3718,Yea
2615,3719,Alexandra
2616,3719,Alexandra
2617,3719,Alexandra
2618,3719,Alexandra
2619,3720,Mansfield (Vic.)
2620,3722,Mansfield (Vic.)
2621,3722,Mansfield (Vic.)
2622,3722,Mansfield (Vic.)
2623,3723,Wangaratta Region
2624,3723,Mansfield (Vic.)
2625,3723,Mansfield (Vic.)
2626,3723,Mansfield (Vic.)
2627,3723,Mansfield (Vic.)
2628,3723,Mansfield (Vic.)
2629,3723,Mansfield (Vic.)
2630,3723,Mansfield (Vic.)
2631,3723,Mansfield (Vic.)
2632,3723,Mansfield (Vic.)
2633,3723,Mansfield (Vic.)
2634,3723,Mansfield (Vic.)
2635,3723,Mansfield (Vic.)
2636,3723,Mansfield (Vic.)
2637,3723,Mansfield (Vic.)
2638,3723,Mansfield (Vic.)
2639,3723,Mansfield (Vic.)
2640,3723,Upper Yarra Valley
2641,3723,Mansfield (Vic.)
2642,3723,Mansfield (Vic.)
2643,3723,Mansfield (Vic.)
2644,3723,Mansfield (Vic.)
2645,3723,Mansfield (Vic.)
2646,3723,Mansfield (Vic.)
2647,3723,Mansfield (Vic.)
2648,3723,Mansfield (Vic.)
2649,3724,Mansfield (Vic.)
2650,3725,Benalla Region
2651,3725,Benalla Region
2652,3725,Benalla Region
2653,3725,Benalla Region
2654,3725,Benalla Region
2655,3726,Benalla Region
2656,3726,Benalla Region
2657,3726,Benalla Region
2658,3726,Benalla Region
2659,3727,Moira
2660,3727,Moira
2661,3727,Moira
2662,3727,Moira
2663,3727,Moira
2664,3727,Moira
2665,3728,Moira
2666,3728,Moira
2667,3728,Moira
2668,3728,Moira
2669,3730,Moira
2670,3730,Moira
2671,3730,Moira
2672,3730,Moira
2673,3730,Moira
2674,3730,Moira
2675,3730,Moira
2676,3730,Moira
2677,3730,Yarrawonga
2678,3730,Moira
2679,3732,Wangaratta Region
2680,3732,Wangaratta Region
2681,3733,Wangaratta Region
2682,3735,Wangaratta Region
2683,3735,Wangaratta Region
2684,3735,Wangaratta Region
2685,3735,Wangaratta Region
2686,3736,Myrtleford
2687,3737,Bright - Mount Beauty
2688,3737,Myrtleford
2689,3737,Myrtleford
2690,3737,Bright - Mount Beauty
2691,3737,Myrtleford
2692,3737,Myrtleford
2693,3737,Myrtleford
2694,3737,Myrtleford
2695,3737,Myrtleford
2696,3737,Myrtleford
2697,3737,Myrtleford
2698,3737,Bright - Mount Beauty
2699,3737,Myrtleford
2700,3737,Bright - Mount Beauty
2701,3737,Bright - Mount Beauty
2702,3738,Myrtleford
2703,3739,Myrtleford
2704,3740,Bright - Mount Beauty
2705,3740,Bright - Mount Beauty
2706,3740,Bright - Mount Beauty
2707,3741,Bright - Mount Beauty
2708,3741,Bright - Mount Beauty
2709,3741,Bright - Mount Beauty
2710,3741,Bright - Mount Beauty
2711,3741,Bright - Mount Beauty
2712,3741,Bright - Mount Beauty
2713,3741,Bright - Mount Beauty
2714,3744,Bright - Mount Beauty
2715,3746,Wangaratta Region
2716,3747,Beechworth
2717,3747,Beechworth
2718,3747,Beechworth
2719,3747,Wangaratta Region
2720,3747,Beechworth
2721,3747,Beechworth
2722,3747,Wangaratta Region
2723,3747,Beechworth
2724,3749,Yackandandah
2725,3749,Yackandandah
2726,3750,Wollert
2727,3751,Whittlesea
2728,3752,South Morang (South)
2729,3752,South Morang (South)
2730,3753,Wallan
2731,3754,Panton Hill - St Andrews
2732,3754,Mernda
2733,3755,Whittlesea
2734,3756,Romsey
2735,3756,Romsey
2736,3756,Wallan
2737,3756,Wallan
2738,3756,Wallan
2739,3756,Wallan
2740,3757,Whittlesea
2741,3757,Whittlesea
2742,3757,Whittlesea
2743,3757,Kinglake
2744,3757,Kinglake
2745,3757,Kinglake
2746,3757,Whittlesea
2747,3758,Wallan
2748,3758,Wallan
2749,3759,Panton Hill - St Andrews
2750,3760,Panton Hill - St Andrews
2751,3760,
2752,3761,Panton Hill - St Andrews
2753,3762,Wallan
2754,3763,Kinglake
2755,3763,Healesville - Yarra Glen
2756,3764,Kilmore - Broadford
2757,3764,Seymour Region
2758,3764,Kilmore - Broadford
2759,3764,Kilmore - Broadford
2760,3764,Kilmore - Broadford
2761,3764,Kilmore - Broadford
2762,3764,Romsey
2763,3764,Kilmore - Broadford
2764,3765,Montrose
2765,3766,Mount Dandenong - Olinda
2766,3767,Mount Dandenong - Olinda
2767,3770,Lilydale - Coldstream
2768,3770,Wandin - Seville
2769,3770,Lilydale - Coldstream
2770,3775,Panton Hill - St Andrews
2771,3775,Healesville - Yarra Glen
2772,3775,Healesville - Yarra Glen
2773,3775,Healesville - Yarra Glen
2774,3775,Healesville - Yarra Glen
2775,3777,Healesville - Yarra Glen
2776,3777,Kinglake
2777,3777,Healesville - Yarra Glen
2778,3777,Healesville - Yarra Glen
2779,3777,Healesville - Yarra Glen
2780,3777,Healesville - Yarra Glen
2781,3777,Healesville - Yarra Glen
2782,3777,Kinglake
2783,3778,Healesville - Yarra Glen
2784,3778,Alexandra
2785,3779,Upper Yarra Valley
2786,3779,Alexandra
2787,3781,Emerald - Cockatoo
2788,3781,Emerald - Cockatoo
2789,3781,Emerald - Cockatoo
2790,3782,Emerald - Cockatoo
2791,3782,Emerald - Cockatoo
2792,3782,Emerald - Cockatoo
2793,3782,Monbulk - Silvan
2794,3783,Emerald - Cockatoo
2795,3785,Mount Dandenong - Olinda
2796,3786,Mount Dandenong - Olinda
2797,3787,Mount Dandenong - Olinda
2798,3787,Mount Dandenong - Olinda
2799,3788,Mount Dandenong - Olinda
2800,3789,Mount Dandenong - Olinda
2801,3791,Mount Dandenong - Olinda
2802,3792,Mount Dandenong - Olinda
2803,3793,Monbulk - Silvan
2804,3795,Monbulk - Silvan
2805,3796,Mount Evelyn
2806,3797,Yarra Valley
2807,3797,Yarra Valley
2808,3797,Yarra Valley
2809,3797,Yarra Valley
2810,3797,Yarra Valley
2811,3799,Yarra Valley
2812,3799,Yarra Valley
2813,3799,Upper Yarra Valley
2814,3799,Yarra Valley
2815,3799,Upper Yarra Valley
2816,3799,Yarra Valley
2817,3799,Yarra Valley
2818,3800,Clayton
2819,3802,Endeavour Hills - South
2820,3803,Hallam
2821,3804,Belgrave - Selby
2822,3804,Narre Warren North
2823,3805,Narre Warren - South West
2824,3805,Narre Warren - South West
2825,3805,Narre Warren South (East)
2826,3806,Berwick - North
2827,3806,Narre Warren North
2828,3807,Beaconsfield - Officer
2829,3807,Beaconsfield - Officer
2830,3808,Emerald - Cockatoo
2831,3808,Emerald - Cockatoo
2832,3809,Beaconsfield - Officer
2833,3809,Koo Wee Rup
2834,3810,Pakenham - South
2835,3810,Koo Wee Rup
2836,3810,Emerald - Cockatoo
2837,3810,Koo Wee Rup
2838,3812,Bunyip - Garfield
2839,3812,Bunyip - Garfield
2840,3812,Bunyip - Garfield
2841,3813,Bunyip - Garfield
2842,3813,Bunyip - Garfield
2843,3814,Bunyip - Garfield
2844,3814,Bunyip - Garfield
2845,3814,Bunyip - Garfield
2846,3814,Bunyip - Garfield
2847,3815,Bunyip - Garfield
2848,3815,Bunyip - Garfield
2849,3815,Bunyip - Garfield
2850,3815,Bunyip - Garfield
2851,3816,Drouin
2852,3816,Drouin
2853,3816,Drouin
2854,3816,Drouin
2855,3818,Drouin
2856,3818,Drouin
2857,3818,Drouin
2858,3818,Drouin
2859,3818,Drouin
2860,3818,Warragul
2861,3818,Mount Baw Baw Region
2862,3818,Drouin
2863,3818,Mount Baw Baw Region
2864,3820,Warragul
2865,3820,Warragul
2866,3820,Warragul
2867,3821,Warragul
2868,3821,Mount Baw Baw Region
2869,3821,Mount Baw Baw Region
2870,3821,Mount Baw Baw Region
2871,3821,Mount Baw Baw Region
2872,3821,Warragul
2873,3821,Warragul
2874,3821,Warragul
2875,3821,Mount Baw Baw Region
2876,3821,Mount Baw Baw Region
2877,3821,Mount Baw Baw Region
2878,3821,Warragul
2879,3821,Warragul
2880,3821,Mount Baw Baw Region
2881,3821,Warragul
2882,3821,Trafalgar (Vic.)
2883,3821,Warragul
2884,3821,Warragul
2885,3821,Warragul
2886,3821,Warragul
2887,3822,Warragul
2888,3822,Warragul
2889,3822,Warragul
2890,3823,Trafalgar (Vic.)
2891,3823,Trafalgar (Vic.)
2892,3823,Trafalgar (Vic.)
2893,3824,Trafalgar (Vic.)
2894,3824,Trafalgar (Vic.)
2895,3824,Trafalgar (Vic.)
2896,3824,Trafalgar (Vic.)
2897,3824,Trafalgar (Vic.)
2898,3824,Trafalgar (Vic.)
2899,3825,Mount Baw Baw Region
2900,3825,Mount Baw Baw Region
2901,3825,Mount Baw Baw Region
2902,3825,Mount Baw Baw Region
2903,3825,Trafalgar (Vic.)
2904,3825,Mount Baw Baw Region
2905,3825,Mount Baw Baw Region
2906,3825,Mount Baw Baw Region
2907,3825,Mount Baw Baw Region
2908,3825,Moe - Newborough
2909,3825,Mount Baw Baw Region
2910,3825,Mount Baw Baw Region
2911,3825,Mount Baw Baw Region
2912,3825,Moe - Newborough
2913,3825,Moe - Newborough
2914,3825,Mount Baw Baw Region
2915,3825,Moe - Newborough
2916,3825,Moe - Newborough
2917,3825,Mount Baw Baw Region
2918,3825,Mount Baw Baw Region
2919,3825,Mount Baw Baw Region
2920,3825,Mount Baw Baw Region
2921,3825,Mount Baw Baw Region
2922,3825,Maffra
2923,3825,Mount Baw Baw Region
2924,3825,Mount Baw Baw Region
2925,3825,Maffra
2926,3825,Mount Baw Baw Region
2927,3825,Mount Baw Baw Region
2928,3825,Moe - Newborough
2929,3825,Yallourn North - Glengarry
2930,3831,Mount Baw Baw Region
2931,3831,Mount Baw Baw Region
2932,3831,Mount Baw Baw Region
2933,3832,Mount Baw Baw Region
2934,3832,Mount Baw Baw Region
2935,3832,Mount Baw Baw Region
2936,3833,Mount Baw Baw Region
2937,3833,Mount Baw Baw Region
2938,3833,Mount Baw Baw Region
2939,3833,Mount Baw Baw Region
2940,3833,Mount Baw Baw Region
2941,3833,Mount Baw Baw Region
2942,3833,Mount Baw Baw Region
2943,3833,Mount Baw Baw Region
2944,3833,Mount Baw Baw Region
2945,3833,Mount Baw Baw Region
2946,3833,Mount Baw Baw Region
2947,3833,Mount Baw Baw Region
2948,3835,Trafalgar (Vic.)
2949,3840,Churchill
2950,3840,Churchill
2951,3840,Churchill
2952,3840,Churchill
2953,3840,Churchill
2954,3840,Churchill
2955,3840,Morwell
2956,3840,Morwell
2957,3840,Morwell
2958,3840,Morwell
2959,3840,Morwell
2960,3841,Bruthen - Omeo
2961,3842,Churchill
2962,3844,Yarram
2963,3844,Churchill
2964,3844,Rosedale
2965,3844,Yarram
2966,3844,Yarram
2967,3844,Yarram
2968,3844,Yarram
2969,3844,Rosedale
2970,3844,Rosedale
2971,3844,Churchill
2972,3844,Churchill
2973,3844,Churchill
2974,3844,Traralgon
2975,3844,Traralgon
2976,3844,Churchill
2977,3844,Yallourn North - Glengarry
2978,3844,Yarram
2979,3847,Rosedale
2980,3847,Rosedale
2981,3847,Rosedale
2982,3847,Rosedale
2983,3847,Yarram
2984,3850,Yarram
2985,3850,Sale
2986,3850,Sale
2987,3850,Sale
2988,3850,Sale
2989,3851,Maffra
2990,3851,Maffra
2991,3851,Longford - Loch Sport
2992,3851,Longford - Loch Sport
2993,3851,Yarram
2994,3851,Longford - Loch Sport
2995,3851,Longford - Loch Sport
2996,3851,Longford - Loch Sport
2997,3851,Rosedale
2998,3851,Yarram
2999,3851,Yarram
3000,3851,Longford - Loch Sport
3001,3851,Longford - Loch Sport
3002,3851,Rosedale
3003,3851,Longford - Loch Sport
3004,3851,Longford - Loch Sport
3005,3851,Longford - Loch Sport
3006,3851,Maffra
3007,3851,Maffra
3008,3851,Longford - Loch Sport
3009,3851,Longford - Loch Sport
3010,3851,Longford - Loch Sport
3011,3851,Longford - Loch Sport
3012,3851,Sale
3013,3851,Longford - Loch Sport
3014,3851,Longford - Loch Sport
3015,3851,Longford - Loch Sport
3016,3852,Longford - Loch Sport
3017,3852,Longford - Loch Sport
3018,3852,Longford - Loch Sport
3019,3853,Sale
3020,3854,Yallourn North - Glengarry
3021,3854,Yallourn North - Glengarry
3022,3854,Yallourn North - Glengarry
3023,3856,Yallourn North - Glengarry
3024,3857,Rosedale
3025,3858,Alps - West
3026,3858,Alps - West
3027,3858,Alps - West
3028,3858,Alps - West
3029,3858,Maffra
3030,3858,Rosedale
3031,3858,Maffra
3032,3858,Maffra
3033,3858,Maffra
3034,3858,Maffra
3035,3858,Maffra
3036,3858,Alps - West
3037,3858,Alps - West
3038,3858,Alps - West
3039,3858,Alps - West
3040,3858,Alps - West
3041,3858,Maffra
3042,3858,Alps - West
3043,3858,Rosedale
3044,3858,Maffra
3045,3858,Maffra
3046,3859,Maffra
3047,3859,Maffra
3048,3859,Maffra
3049,3859,Maffra
3050,3859,Maffra
3051,3860,Maffra
3052,3860,Maffra
3053,3860,Maffra
3054,3860,Maffra
3055,3860,Maffra
3056,3860,Maffra
3057,3860,Maffra
3058,3860,Alps - West
3059,3860,Alps - West
3060,3860,Morwell
3061,3860,Maffra
3062,3860,Alps - West
3063,3860,Maffra
3064,3860,Maffra
3065,3860,Alps - West
3066,3860,Maffra
3067,3862,Alps - West
3068,3862,Bruthen - Omeo
3069,3862,Bruthen - Omeo
3070,3862,Bruthen - Omeo
3071,3862,Alps - West
3072,3862,Bruthen - Omeo
3073,3862,Bruthen - Omeo
3074,3862,Longford - Loch Sport
3075,3862,Maffra
3076,3862,Longford - Loch Sport
3077,3862,Alps - West
3078,3862,Alps - West
3079,3862,Maffra
3080,3862,Longford - Loch Sport
3081,3862,Maffra
3082,3862,Maffra
3083,3862,Bruthen - Omeo
3084,3862,Alps - West
3085,3864,Bruthen - Omeo
3086,3864,Bruthen - Omeo
3087,3864,Bruthen - Omeo
3088,3865,Bruthen - Omeo
3089,3869,Churchill
3090,3869,Churchill
3091,3869,Churchill
3092,3870,Churchill
3093,3870,Churchill
3094,3870,Churchill
3095,3870,Churchill
3096,3870,Churchill
3097,3870,Churchill
3098,3870,Leongatha
3099,3871,Trafalgar (Vic.)
3100,3871,Leongatha
3101,3871,Leongatha
3102,3871,Leongatha
3103,3871,Trafalgar (Vic.)
3104,3871,Foster
3105,3871,Churchill
3106,3871,Leongatha
3107,3871,Leongatha
3108,3871,Leongatha
3109,3873,Rosedale
3110,3874,Yarram
3111,3874,Yarram
3112,3874,Yarram
3113,3874,Yarram
3114,3874,Yarram
3115,3874,Yarram
3116,3875,Bairnsdale
3117,3875,Paynesville
3118,3875,Paynesville
3119,3875,Bairnsdale
3120,3875,Bruthen - Omeo
3121,3875,Bruthen - Omeo
3122,3875,Bruthen - Omeo
3123,3875,Bruthen - Omeo
3124,3875,Bairnsdale
3125,3875,Bairnsdale
3126,3875,Bairnsdale
3127,3875,Bruthen - Omeo
3128,3875,Bruthen - Omeo
3129,3875,Paynesville
3130,3875,Paynesville
3131,3875,Bruthen - Omeo
3132,3875,Bruthen - Omeo
3133,3875,Longford - Loch Sport
3134,3875,Bruthen - Omeo
3135,3875,Bruthen - Omeo
3136,3875,Bairnsdale
3137,3875,Bruthen - Omeo
3138,3875,Bruthen - Omeo
3139,3875,Bruthen - Omeo
3140,3875,Bruthen - Omeo
3141,3875,Paynesville
3142,3875,Bruthen - Omeo
3143,3875,Bruthen - Omeo
3144,3875,Bruthen - Omeo
3145,3875,Bruthen - Omeo
3146,3875,Bruthen - Omeo
3147,3875,Bruthen - Omeo
3148,3875,Bruthen - Omeo
3149,3875,Bruthen - Omeo
3150,3875,Bairnsdale
3151,3878,Paynesville
3152,3880,Lake King
3153,3880,Longford - Loch Sport
3154,3880,Paynesville
3155,3880,Paynesville
3156,3882,Bruthen - Omeo
3157,3885,Alps - East
3158,3885,Bruthen - Omeo
3159,3885,Orbost
3160,3885,Orbost
3161,3885,Orbost
3162,3885,Orbost
3163,3885,Bruthen - Omeo
3164,3885,Orbost
3165,3885,Orbost
3166,3885,Bruthen - Omeo
3167,3885,Bruthen - Omeo
3168,3885,Orbost
3169,3885,Bruthen - Omeo
3170,3885,Orbost
3171,3885,Orbost
3172,3885,Alps - East
3173,3885,Orbost
3174,3886,Orbost
3175,3887,Orbost
3176,3887,Orbost
3177,3887,Orbost
3178,3888,Orbost
3179,3888,Orbost
3180,3888,Orbost
3181,3888,Orbost
3182,3888,Orbost
3183,3888,Orbost
3184,3888,Orbost
3185,3888,Orbost
3186,3888,Orbost
3187,3888,Orbost
3188,3888,Orbost
3189,3888,Orbost
3190,3888,Orbost
3191,3888,Orbost
3192,3888,Orbost
3193,3888,Orbost
3194,3888,Orbost
3195,3888,Dungog
3196,3888,Orbost
3197,3888,Bruthen - Omeo
3198,3888,Orbost
3199,3888,Orbost
3200,3888,Orbost
3201,3888,Orbost
3202,3888,Orbost
3203,3888,Orbost
3204,3889,Orbost
3205,3889,Orbost
3206,3889,Orbost
3207,3889,Orbost
3208,3889,Orbost
3209,3889,Orbost
3210,3889,Orbost
3211,3889,Orbost
3212,3890,Orbost
3213,3890,Orbost
3214,3890,Orbost
3215,3890,Orbost
3216,3890,Orbost
3217,3890,Orbost
3218,3890,Orbost
3219,3890,Orbost
3220,3891,Orbost
3221,3891,Orbost
3222,3891,Orbost
3223,3891,Bega-Eden Hinterland
3224,3891,Orbost
3225,3891,Orbost
3226,3891,Orbost
3227,3892,Orbost
3228,3893,Bruthen - Omeo
3229,3893,Bruthen - Omeo
3230,3893,Bruthen - Omeo
3231,3895,Bruthen - Omeo
3232,3895,Bruthen - Omeo
3233,3895,Bruthen - Omeo
3234,3895,Kilmore - Broadford
3235,3895,Bruthen - Omeo
3236,3896,Bruthen - Omeo
3237,3896,Bruthen - Omeo
3238,3896,Alps - East
3239,3896,Bruthen - Omeo
3240,3896,Bruthen - Omeo
3241,3898,Bruthen - Omeo
3242,3898,Bruthen - Omeo
3243,3898,Bruthen - Omeo
3244,3898,Bruthen - Omeo
3245,3898,Bruthen - Omeo
3246,3898,Bruthen - Omeo
3247,3898,Bright - Mount Beauty
3248,3898,Bruthen - Omeo
3249,3898,Bruthen - Omeo
3250,3898,Bruthen - Omeo
3251,3898,Bruthen - Omeo
3252,3898,Bruthen - Omeo
3253,3898,Bruthen - Omeo
3254,3900,Bruthen - Omeo
3255,3900,Alps - East
3256,3900,Bruthen - Omeo
3257,3902,Bruthen - Omeo
3258,3902,Bruthen - Omeo
3259,3903,Lakes Entrance
3260,3904,Lakes Entrance
3261,3909,Lakes Entrance
3262,3909,Lakes Entrance
3263,3909,Lakes Entrance
3264,3909,Lakes Entrance
3265,3909,Lakes Entrance
3266,3909,Lakes Entrance
3267,3909,Lakes Entrance
3268,3909,Orbost
3269,3910,Langwarrin
3270,3911,Somerville
3271,3911,Langwarrin
3272,3912,Pearcedale - Tooradin
3273,3912,Somerville
3274,3913,Somerville
3275,3915,Hastings - Somers
3276,3915,Flinders
3277,3916,Flinders
3278,3916,Flinders
3279,3916,Flinders
3280,3918,Hastings - Somers
3281,3919,Hastings - Somers
3282,3920,Hastings - Somers
3283,3920,Hastings - Somers
3284,3921,French Island
3285,3921,French Island
3286,3921,French Island
3287,3922,Phillip Island
3288,3922,Phillip Island
3289,3922,Phillip Island
3290,3922,Phillip Island
3291,3922,Phillip Island
3292,3922,Phillip Island
3293,3922,Phillip Island
3294,3922,Phillip Island
3295,3922,Phillip Island
3296,3923,Phillip Island
3297,3925,Phillip Island
3298,3925,Phillip Island
3299,3925,Phillip Island
3300,3925,Wonthaggi - Inverloch
3301,3926,Hastings - Somers
3302,3926,Hastings - Somers
3303,3926,Hastings - Somers
3304,3926,Flinders
3305,3927,Hastings - Somers
3306,3928,Flinders
3307,3929,Flinders
3308,3930,Mount Eliza
3309,3930,Mount Eliza
3310,3931,Mornington
3311,3933,Somerville
3312,3934,Mount Martha
3313,3936,Dromana
3314,3936,Dromana
3315,3936,Dromana
3316,3937,Flinders
3317,3937,Flinders
3318,3938,Rosebud - McCrae
3319,3939,Flinders
3320,3939,Flinders
3321,3939,Point Nepean
3322,3939,Rosebud - McCrae
3323,3939,Rosebud - McCrae
3324,3940,Rosebud - McCrae
3325,3940,Rosebud - McCrae
3326,3941,Point Nepean
3327,3941,Point Nepean
3328,3941,Point Nepean
3329,3942,Point Nepean
3330,3943,Point Nepean
3331,3944,Point Nepean
3332,3945,Korumburra
3333,3945,Korumburra
3334,3945,Wonthaggi - Inverloch
3335,3945,Korumburra
3336,3945,Wonthaggi - Inverloch
3337,3946,Korumburra
3338,3950,Korumburra
3339,3950,Korumburra
3340,3950,Korumburra
3341,3950,Korumburra
3342,3950,Korumburra
3343,3951,Korumburra
3344,3951,Leongatha
3345,3951,Korumburra
3346,3951,Korumburra
3347,3951,Korumburra
3348,3951,Korumburra
3349,3951,Korumburra
3350,3951,Korumburra
3351,3953,Leongatha
3352,3953,Leongatha
3353,3953,Leongatha
3354,3953,Leongatha
3355,3953,Leongatha
3356,3953,Leongatha
3357,3953,Leongatha
3358,3953,Leongatha
3359,3953,Leongatha
3360,3953,Leongatha
3361,3953,Leongatha
3362,3953,Leongatha
3363,3953,Leongatha
3364,3953,Leongatha
3365,3953,Leongatha
3366,3954,Leongatha
3367,3956,Foster
3368,3956,Leongatha
3369,3956,Foster
3370,3956,Foster
3371,3956,Leongatha
3372,3956,Foster
3373,3956,Foster
3374,3956,Foster
3375,3956,Foster
3376,3956,Foster
3377,3956,Foster
3378,3957,Foster
3379,3957,Foster
3380,3958,Foster
3381,3958,Foster
3382,3959,Foster
3383,3959,Foster
3384,3959,Foster
3385,3959,Foster
3386,3959,Foster
3387,3960,Foster
3388,3960,Foster
3389,3960,Foster
3390,3960,Foster
3391,3960,Foster
3392,3960,Foster
3393,3960,Foster
3394,3960,Foster
3395,3960,Wilsons Promontory
3396,3960,Foster
3397,3960,Wilsons Promontory
3398,3960,Foster
3399,3960,Foster
3400,3960,Foster
3401,3962,Foster
3402,3962,Christies Beach
3403,3962,Foster
3404,3962,Foster
3405,3962,Foster
3406,3962,Yarram
3407,3962,Yarram
3408,3962,Foster
3409,3964,Foster
3410,3965,Foster
3411,3966,Yarram
3412,3966,Foster
3413,3966,Foster
3414,3967,Yarram
3415,3971,Yarram
3416,3971,Yarram
3417,3971,Yarram
3418,3971,Leongatha
3419,3971,Yarram
3420,3971,Yarram
3421,3971,Yarram
3422,3971,Yarram
3423,3971,Yarram
3424,3971,Yarram
3425,3971,Yarram
3426,3971,Yarram
3427,3971,Yarram
3428,3971,Yarram
3429,3971,Yarram
3430,3971,Yarram
3431,3971,Yarram
3432,3971,Yarram
3433,3971,Yarram
3434,3971,Yarram
3435,3971,Yarram
3436,3971,Yarram
3437,3975,Lynbrook - Lyndhurst
3438,3975,Lynbrook - Lyndhurst
3439,3976,Hampton Park - Lynbrook
3440,3977,Cranbourne South
3441,3977,Pearcedale - Tooradin
3442,3977,Cranbourne
3443,3977,Cranbourne East
3444,3977,Cranbourne North
3445,3977,Cranbourne South
3446,3977,Cranbourne West
3447,3977,Cranbourne South
3448,3977,Cranbourne South
3449,3977,Cranbourne South
3450,3977,Skye - Sandhurst
3451,3977,Skye - Sandhurst
3452,3978,Koo Wee Rup
3453,3978,Cranbourne South
3454,3978,Cranbourne East
3455,3979,Wonthaggi - Inverloch
3456,3979,Wonthaggi - Inverloch
3457,3979,Wonthaggi - Inverloch
3458,3979,Wonthaggi - Inverloch
3459,3980,Pearcedale - Tooradin
3460,3980,Pearcedale - Tooradin
3461,3980,Pearcedale - Tooradin
3462,3981,Koo Wee Rup
3463,3981,Koo Wee Rup
3464,3981,Koo Wee Rup
3465,3981,Koo Wee Rup
3466,3981,Koo Wee Rup
3467,3981,Bunyip - Garfield
3468,3981,Koo Wee Rup
3469,3984,Wonthaggi - Inverloch
3470,3984,Koo Wee Rup
3471,3984,Wonthaggi - Inverloch
3472,3984,Wonthaggi - Inverloch
3473,3984,Wonthaggi - Inverloch
3474,3984,Wonthaggi - Inverloch
3475,3984,Koo Wee Rup
3476,3984,Koo Wee Rup
3477,3984,Koo Wee Rup
3478,3984,Wonthaggi - Inverloch
3479,3984,Wonthaggi - Inverloch
3480,3984,Wonthaggi - Inverloch
3481,3984,Wonthaggi - Inverloch
3482,3987,Korumburra
3483,3988,Warragul
3484,3988,Korumburra
3485,3988,Korumburra
3486,3988,Korumburra
3487,3989,
3488,3990,Wonthaggi - Inverloch
3489,3991,Wonthaggi - Inverloch
3490,3992,Wonthaggi - Inverloch
3491,3992,Wonthaggi - Inverloch
3492,3992,Wonthaggi - Inverloch
3493,3992,Wonthaggi - Inverloch
3494,3995,Wonthaggi - Inverloch
3495,3995,Wonthaggi - Inverloch
3496,3995,Wonthaggi - Inverloch
3497,3995,Wonthaggi - Inverloch
3498,3995,Wonthaggi - Inverloch
3499,3995,Wonthaggi - Inverloch
3500,3995,Wonthaggi - Inverloch
3501,3995,Wonthaggi - Inverloch
3502,3995,Wonthaggi - Inverloch
3503,3995,Wonthaggi - Inverloch
3504,3995,Wonthaggi - Inverloch
3505,3995,Wonthaggi - Inverloch
3506,3995,Wonthaggi - Inverloch
3507,3995,Wonthaggi - Inverloch
3508,3996,Wonthaggi - Inverloch
3509,3996,Foster
3510,8001,Melbourne
3511,8002,East Melbourne
3512,8003,Melbourne
3513,8004,Albert Park
3514,8005,Southbank
3515,8006,Melbourne
3516,8007,Melbourne
3517,8008,South Yarra - West
3518,8009,Melbourne
3519,8010,Romsey
3520,8011,Melbourne
3521,8012,Docklands
3522,8045,Melbourne
3523,8051,Melbourne
3524,8066,Melbourne
3525,8069,Melbourne
3526,8070,Melbourne
3527,8071,Melbourne
3528,8102,Melbourne
3529,8107,Melbourne
3530,8111,Melbourne
3531,8120,Melbourne
3532,8205,Melbourne
3533,8785,Dandenong
3534,9999,Melbourne
